market_date,generated_at_utc,ticker,company,sector,theme,industry_etf,market_cap,last_close,last_date,ret_1D,industry_etf_ret_1D,industry_excess_1D,industry_z_1D,industry_z_sigma_1D,industry_z_obs_1D,spx_ret_1D,spx_excess_1D,spx_z_1D,spx_z_sigma_1D,spx_z_obs_1D,es_ret_1D,es_excess_1D,es_z_1D,es_z_sigma_1D,es_z_obs_1D,ret_5D,industry_etf_ret_5D,industry_excess_5D,industry_z_5D,industry_z_sigma_5D,industry_z_obs_5D,spx_ret_5D,spx_excess_5D,spx_z_5D,spx_z_sigma_5D,spx_z_obs_5D,es_ret_5D,es_excess_5D,es_z_5D,es_z_sigma_5D,es_z_obs_5D,ret_20D,industry_etf_ret_20D,industry_excess_20D,industry_z_20D,industry_z_sigma_20D,industry_z_obs_20D,spx_ret_20D,spx_excess_20D,spx_z_20D,spx_z_sigma_20D,spx_z_obs_20D,es_ret_20D,es_excess_20D,es_z_20D,es_z_sigma_20D,es_z_obs_20D,ret_60D,industry_etf_ret_60D,industry_excess_60D,industry_z_60D,industry_z_sigma_60D,industry_z_obs_60D,spx_ret_60D,spx_excess_60D,spx_z_60D,spx_z_sigma_60D,spx_z_obs_60D,es_ret_60D,es_excess_60D,es_z_60D,es_z_sigma_60D,es_z_obs_60D,ret_3M,industry_etf_ret_3M,industry_excess_3M,industry_z_3M,industry_z_sigma_3M,industry_z_obs_3M,spx_ret_3M,spx_excess_3M,spx_z_3M,spx_z_sigma_3M,spx_z_obs_3M,es_ret_3M,es_excess_3M,es_z_3M,es_z_sigma_3M,es_z_obs_3M,ret_6M,industry_etf_ret_6M,industry_excess_6M,industry_z_6M,industry_z_sigma_6M,industry_z_obs_6M,spx_ret_6M,spx_excess_6M,spx_z_6M,spx_z_sigma_6M,spx_z_obs_6M,es_ret_6M,es_excess_6M,es_z_6M,es_z_sigma_6M,es_z_obs_6M,ret_12M,industry_etf_ret_12M,industry_excess_12M,industry_z_12M,industry_z_sigma_12M,industry_z_obs_12M,spx_ret_12M,spx_excess_12M,spx_z_12M,spx_z_sigma_12M,spx_z_obs_12M,es_ret_12M,es_excess_12M,es_z_12M,es_z_sigma_12M,es_z_obs_12M,ret_YTD,industry_etf_ret_YTD,industry_excess_YTD,industry_z_YTD,industry_z_sigma_YTD,industry_z_obs_YTD,spx_ret_YTD,spx_excess_YTD,spx_z_YTD,spx_z_sigma_YTD,spx_z_obs_YTD,es_ret_YTD,es_excess_YTD,es_z_YTD,es_z_sigma_YTD,es_z_obs_YTD
2026-10-07,2026-10-10T22:41:07.402161+00:00,AAPL,Apple Inc.,情報技術,スマートフォン・端末・半導体サプライチェーン,XLK,4913422580600.0,336.6700134277344,2026-10-07,0.009111915896142797,-0.003019805001740372,0.01213172089788317,0.615712605058674,0.020341739746453726,252,-0.0021946936299741537,0.01130660952611695,0.7390486917209251,0.014597501790629392,252,-0.0031750063500126657,0.012286922246155463,0.7999233450557849,0.014711517137585357,252,0.010960376357206147,0.02881225741838289,-0.017851881061176744,-0.34700364409952544,0.04674355943059947,252,0.019633953387396375,-0.008673577030190227,-0.3413898856435686,0.03397519592120632,252,0.017302831961635734,-0.0063424556044295866,-0.27171363868334725,0.03411965002465048,252,0.06764133106346715,0.07321569478226198,-0.005574363718794828,-0.03952832883717893,0.0785425605755961,252,0.02166086449714877,0.04598046656631838,0.5114644083221871,0.0610626588571424,252,0.026852003270645852,0.040789327792821295,0.4227645593859049,0.06166717166720742,252,0.07019111132409739,0.09805591540482772,-0.027864804080730332,-0.05787926448905008,0.10806193733953603,504,0.03422510782385091,0.03596600350024648,0.27331958949528296,0.08907462549211762,504,0.0339535649596574,0.03623754636443999,0.27374965265671425,0.08931146934560637,504,0.06558843802086511,0.08780691965895482,-0.022218481638089704,0.00018495963595868036,0.11037367729815284,504,0.03421821271087011,0.031370225309995003,0.2079802039106532,0.09176634887406113,504,0.03429418547191565,0.031294252548949464,0.20466457996244897,0.09195378489337008,504,0.30270701310098747,0.4246978009107585,-0.12199078780977102,-0.6250063184562372,0.15088595025634047,635,0.15022681633941493,0.15248019676157254,0.9975782198200498,0.13146206160869575,635,0.15024729803993409,0.15245971506105338,0.9929319727784757,0.13186628081006307,635,0.31642698044524153,0.4076703842498024,-0.09124340380456086,-0.3214827693283347,0.13464034886586476,509,0.1574845953298054,0.15894238511543612,0.8658647701067372,0.14110440537760005,509,0.15617749953967963,0.1602494809055619,0.8693116184512397,0.14114095856627076,509,0.2456602324885535,0.40066822627874177,-0.15500799379018826,,,0,0.1375379312205689,0.10812230126798461,,,0,0.13745380769509463,0.10820642479345888,,,0
2026-10-07,2026-10-10T22:41:07.402161+00:00,ABBV,AbbVie Inc.,ヘルスケア,医薬品・バイオ医薬,XLV,479524946457.6,271.3599853515625,2026-10-07,0.017510903548708212,0.010293861143098715,0.007217042405609497,0.5713918402344628,0.012480015921848147,252,-0.0021946936299741537,0.019705597178682366,1.0722963966836125,0.01825486664856403,252,-0.0031750063500126657,0.020685909898720878,1.130440136384042,0.018182695807074933,252,0.037348481021622026,0.0023156358739371274,0.0350328451476849,1.320190966638902,0.02679322216618119,252,0.019633953387396375,0.017714527634225652,0.4172729789399013,0.04109819631415524,252,0.017302831961635734,0.020045649059986292,0.4752368656304469,0.04098415380861588,252,0.08150325372037504,0.017265351553718,0.06423790216665703,1.5044012570344778,0.04297933033096393,252,0.02166086449714877,0.05984238922322627,0.8121171377457995,0.06730644853640685,252,0.026852003270645852,0.05465125044972918,0.741337358064018,0.06677127191054243,252,0.11647801663995883,0.07054179528965299,0.04593622135030584,0.15048475075667012,0.07923465511978187,504,0.03422510782385091,0.08225290881610792,0.5577390655102227,0.12670952757039433,504,0.0339535649596574,0.08252445168030142,0.5577370625227327,0.12689491499076724,504,0.09355960814762976,0.044928558360542326,0.04863104978708743,0.154458647187388,0.08095425856745987,504,0.03421821271087011,0.05934139543675965,0.36234113418666497,0.12839616384268404,504,0.03429418547191565,0.05926542267571411,0.3596890220710711,0.12860362036023051,504,0.302324123592963,0.1371911231280718,0.1651330004648912,1.2780141479068854,0.07856513403827838,635,0.15022681633941493,0.1520973072535481,1.8109979860069305,0.07978975201856932,635,0.15024729803993409,0.15207682555302893,1.8048328126287665,0.07994626214362835,635,0.21542357265276313,0.19088855717547815,0.024535015477284983,-1.3873468634121426,0.09072878094485781,509,0.1574845953298054,0.05793897732295772,0.2733140660913228,0.10948172571023589,509,0.15617749953967963,0.0592460731130835,0.2770960544881022,0.10985734629269947,509,0.2113550658901322,0.09898473022496779,0.11237033566516441,,,0,0.1375379312205689,0.0738171346695633,,,0,0.13745380769509463,0.07390125819503757,,,0
2026-10-07,2026-10-10T22:41:07.402161+00:00,ABT,Abbott Laboratories,ヘルスケア,医療機器・診断,XLV,170840742814.08002,98.7300033569336,2026-10-07,0.005806842640168286,0.010293861143098715,-0.004487018502930429,-0.1904884451818132,0.014641944225753946,252,-0.0021946936299741537,0.00800153627014244,0.5138426311783284,0.018788879492759654,252,-0.0031750063500126657,0.008981848990180952,0.565065416566064,0.018819677089534154,252,-0.0010118230523969984,0.0023156358739371274,-0.003327458926334126,0.16900647307711264,0.03238136317662284,252,0.019633953387396375,-0.020645776439793373,-0.28811229631210755,0.044254768870242205,252,0.017302831961635734,-0.018314655014032732,-0.23535934910412967,0.044282621999849246,252,-0.06176945540857204,0.017265351553718,-0.07903480696229004,-0.6707970107356761,0.06676857084809622,252,0.02166086449714877,-0.0834303199057208,-0.5824504671004755,0.09406052371784927,252,0.026852003270645852,-0.08862145867921789,-0.6369711346420247,0.0941114514291958,252,0.11774030692052495,0.07054179528965299,0.047198511630871964,0.4945757867204442,0.1186629186879196,504,0.03422510782385091,0.08351519909667404,0.8070689151964857,0.14550808527595704,504,0.0339535649596574,0.08378674196086755,0.8062162132888623,0.14578991867971783,504,0.0533281641261798,0.044928558360542326,0.008399605765637475,0.1715431988515193,0.12234517168927148,504,0.03421821271087011,0.01910995141530969,0.3710532826779004,0.14824450032679698,504,0.03429418547191565,0.01903397865426415,0.3685028761503935,0.1485489282125926,504,-0.03381621844720284,0.1371911231280718,-0.17100734157527464,-0.7195582557981363,0.1838182159602828,635,0.15022681633941493,-0.18404303478661777,-0.5520512445906688,0.1597246421374987,635,0.15024729803993409,-0.18406351648713692,-0.5517540700259624,0.1601902647051184,635,-0.2447135007047576,0.19088855717547815,-0.43560205788023576,-1.4500402721340093,0.2836845848001659,509,0.1574845953298054,-0.402198096034563,-1.0862879000446366,0.23525889154407353,509,0.15617749953967963,-0.40089100024443725,-1.0812942618242667,0.2358661787719812,509,-0.1902340671850833,0.09898473022496779,-0.2892187974100511,,,0,0.1375379312205689,-0.3277719984056522,,,0,0.13745380769509463,-0.3276878748801779,,,0
2026-10-07,2026-10-10T22:41:07.402161+00:00,AMAT,"Applied Materials, Inc.",情報技術,半導体製造装置・成膜・エッチング・先端パッケージ,SOXX,413186508697.95,520.6500244140625,2026-10-07,-0.018141691521031955,-0.011247781398779355,-0.0068939101222526,-0.4052900218649589,0.019149571012764207,252,-0.0021946936299741537,-0.0159469978910578,-0.58309773159683,0.03356738455328071,252,-0.0031750063500126657,-0.01496668517101929,-0.5539888610723078,0.0335624877978284,252,0.01812745794269821,0.0249366775297164,-0.006809219587018189,-0.2383382645400938,0.047256855751022,252,0.019633953387396375,-0.0015064954446981638,-0.28039746354763406,0.07031043562965203,252,0.017302831961635734,0.0008246259810624768,-0.24840431319087194,0.06999417037765114,252,0.11048313455521241,0.09624258646914163,0.014240548086070781,-0.04084995348917492,0.12388200085189319,252,0.02166086449714877,0.08882227005806365,0.10213391501849395,0.14487132333681296,252,0.026852003270645852,0.08363113128456656,0.06702910365295658,0.1437523833184634,252,-0.12505164354690546,0.02690714131545624,-0.1519587848623617,-1.0673128367507698,0.15591723575461594,504,0.03422510782385091,-0.15927675137075636,-1.1116809610611835,0.23541011697812056,504,0.0339535649596574,-0.15900520850656286,-1.11252211771725,0.2351394163604211,504,-0.11458773924797672,0.0025804396438349197,-0.11716817889181164,-0.8390326229638689,0.15864151520539788,504,0.03421821271087011,-0.14880595195884683,-1.053184433770521,0.24383693613060622,504,0.03429418547191565,-0.14888192471989237,-1.0551257627849593,0.24364030883136364,504,0.35293656765182435,0.5752645670668235,-0.22232799941499914,-1.1939308772284325,0.2259327763646042,635,0.15022681633941493,0.20270975131240943,-0.03958104731783113,0.42041342598683606,635,0.15024729803993409,0.20268926961189027,-0.04012224866581303,0.4199626719120973,635,1.3381258261840636,1.0276494280746666,0.310476398109397,0.5617494503661005,0.33988024132853134,509,0.1574845953298054,1.1806412308542582,0.9105779125334658,0.8170774085419579,509,0.15617749953967963,1.181948326644384,0.9117767614034875,0.8165713518515463,509,0.9433391608471264,0.8611925840164973,0.08214657683062909,,,0,0.1375379312205689,0.8058012296265575,,,0,0.13745380769509463,0.8058853531520318,,,0
2026-10-07,2026-10-10T22:41:07.402161+00:00,AMZN,"Amazon.com, Inc.",一般消費財,EC・クラウド・物流,XLY,2803578623634.24,259.9200134277344,2026-10-07,0.014163661328124855,-0.0032223469962230356,0.01738600832434789,1.0840726024395562,0.015129949642698978,252,-0.0021946936299741537,0.01635835495809901,0.8740264866725195,0.018480082862867384,252,-0.0031750063500126657,0.01733866767813752,0.9186505926693451,0.018648987366407396,252,0.0432270511542725,0.02315329251424858,0.02007375864002392,0.39120084842500574,0.03815774294637263,252,0.019633953387396375,0.023593097766876125,0.5157758765997021,0.04394380097117948,252,0.017302831961635734,0.025924219192636766,0.565847435002222,0.04416944376251015,252,0.029794055915604245,-0.00760030467849282,0.037394360594097065,0.2795391455235828,0.0727221828698404,252,0.02166086449714877,0.008133191418455477,0.09789262562911082,0.07860580972560262,252,0.026852003270645852,0.002942052644958393,0.03208358137150401,0.07898890868543804,252,0.05022428243032073,-0.03705549464106406,0.08727977707138479,0.8557428202405893,0.07952763998993612,504,0.03422510782385091,0.015999174606469824,0.07551262071758603,0.09153437921672684,504,0.0339535649596574,0.016270717470663332,0.07655749399441915,0.09163236846013596,504,0.05213738864817463,-0.04488432712640045,0.09702171577457508,0.9772134960614172,0.0797215276236086,504,0.03421821271087011,0.01791917593730452,0.10070386396550847,0.0923548955996554,504,0.03429418547191565,0.01784320317625898,0.09776244929703112,0.09241374083992394,504,0.17477972170727396,0.00909271600325079,0.16568700570402317,1.0654965310524165,0.11337671639487372,635,0.15022681633941493,0.024552905367859035,0.07918613147410859,0.09736234483556643,635,0.15024729803993409,0.024532423667339875,0.07691930939248114,0.09750873288170436,635,0.1766411073308365,-0.06399026038465327,0.24063136771548976,1.9019895233704482,0.10347849063251699,509,0.1574845953298054,0.01915651200103108,0.03401805923910209,0.11420303280008894,509,0.15617749953967963,0.020463607791156857,0.038494605460845606,0.11438244606085889,509,0.14754972815776757,-0.05321249334318423,0.2007622215009518,,,0,0.1375379312205689,0.01001179693719867,,,0,0.13745380769509463,0.010095920462672936,,,0
2026-10-07,2026-10-10T22:41:07.402161+00:00,AVGO,Broadcom Inc.,情報技術,半導体・カスタムASIC・ネットワーク,SOXX,1797319380471.15,376.510009765625,2026-10-07,0.0018626758510384978,-0.011247781398779355,0.013110457249817853,0.657095578936269,0.02378078115039589,252,-0.0021946936299741537,0.0040573694810126515,0.15039279000284042,0.025362322378056797,252,-0.0031750063500126657,0.0050376822010511635,0.18764099804913156,0.025549490100859617,252,0.07209774523249202,0.0249366775297164,0.047161067702775616,1.086240795703721,0.05539160651016932,252,0.019633953387396375,0.05246379184509564,0.9231715477630353,0.05602086852878747,252,0.017302831961635734,0.05479491327085628,0.9654403010044802,0.05597952130440199,252,0.035171036542876344,0.09624258646914163,-0.06107154992626529,-0.02203106619064451,0.11249177575839872,252,0.02166086449714877,0.013510172045727575,0.19589619609387177,0.08871298161032447,252,0.026852003270645852,0.008319033272230492,0.13612660204885463,0.08975360754790088,252,-0.03061950879927844,0.02690714131545624,-0.05752665011473468,-0.2606387769122748,0.22509078937071558,504,0.03422510782385091,-0.06484461662312935,-0.8774356230457703,0.17546115280292865,504,0.0339535649596574,-0.06457307375893584,-0.8773903260214982,0.17535265403476552,504,-0.059620499948093264,0.0025804396438349197,-0.062200939591928184,-0.2754910596540883,0.23064296157188924,504,0.03421821271087011,-0.09383871265896337,-1.046826921265753,0.17886426970764435,504,0.03429418547191565,-0.09391468542000891,-1.0487238253187061,0.17879429211529757,504,0.07746795362762549,0.5752645670668235,-0.497796613439198,-1.4812446812748623,0.3707019247891035,635,0.15022681633941493,-0.07275886271178944,-1.4385321001484352,0.20576012188331488,635,0.15024729803993409,-0.0727793444123086,-1.4399278216103641,0.2057061325296995,635,0.13061344183574342,1.0276494280746666,-0.8970359862389232,-1.6580030819285778,0.6866949463392036,509,0.1574845953298054,-0.026871153494061994,-1.8535489520448163,0.31585744441090613,509,0.15617749953967963,-0.025564057703936216,-1.8507912106975233,0.31604812585275743,509,0.08907745566730352,0.8611925840164973,-0.7721151283491938,,,0,0.1375379312205689,-0.04846047555326538,,,0,0.13745380769509463,-0.048376352027791114,,,0
2026-10-07,2026-10-10T22:41:07.402161+00:00,BAC,Bank of America Corporation,金融,銀行・融資・預金,XLF,374251892494.8001,53.52000045776367,2026-10-07,-0.010537986563435964,-0.004813892420165944,-0.00572409414327002,-0.6672800201381489,0.00905212595720643,252,-0.0021946936299741537,-0.00834329293346181,-0.6345227181470258,0.012842675731082862,252,-0.0031750063500126657,-0.007362980213423298,-0.5607410876716302,0.01278513073502743,252,-0.016718718396288135,0.006554278354308218,-0.023272996750596353,-1.1746223614776095,0.021118946628073388,252,0.019633953387396375,-0.03635267178368451,-1.1343678150701553,0.031175822537748327,252,0.017302831961635734,-0.03402155035792387,-1.060703171215013,0.031146164733211034,252,-0.14600283993171892,-0.054675269042282926,-0.091327570889436,-2.5843660672103197,0.03868616755151932,252,0.02166086449714877,-0.1676637044288677,-2.5522485860788935,0.0659251531729379,252,0.026852003270645852,-0.17285484320236477,-2.6442912514915298,0.06558205753595926,252,-0.11261855489354133,-0.03986777248756279,-0.07275078240597854,-1.4217220236874712,0.06954660991394787,504,0.03422510782385091,-0.14684366271739224,-2.232990796467373,0.07564380120534706,504,0.0339535649596574,-0.14657211985319873,-2.227294011010699,0.07579096761773127,504,-0.09210021310164518,-0.028803916920794315,-0.06329629618085086,-1.2710592139150116,0.07091173545630915,504,0.03421821271087011,-0.1263184258125153,-1.9624721841632025,0.07603607583867023,504,0.03429418547191565,-0.12639439857356083,-1.9622998477520401,0.0761782584793879,504,0.0422620663833555,0.057210548335533185,-0.014948481952177683,-0.7929829594093807,0.08815214407977999,635,0.15022681633941493,-0.10796474995605942,-1.9705880374552118,0.07948079775413715,635,0.15024729803993409,-0.10798523165657858,-1.9825811593427938,0.07910564042657829,635,0.08475544045953609,0.01671475113967169,0.0680406893198644,-0.2512332363771293,0.11345269910806396,509,0.1574845953298054,-0.07272915487026932,-1.7744396567850882,0.09351175575755234,509,0.15617749953967963,-0.07142205908014354,-1.7750979644055844,0.09318518161306787,509,-0.028092257738437598,-0.009513429827154973,-0.018578827911282625,,,0,0.1375379312205689,-0.1656301889590065,,,0,0.13745380769509463,-0.16554606543353223,,,0
2026-10-07,2026-10-10T22:41:07.402161+00:00,BKNG,Booking Holdings Inc.,一般消費財,旅行・オンライン予約,XLY,117117678535.0,155.8699951171875,2026-10-07,-0.01116544890633897,-0.0032223469962230356,-0.007943101910115935,-0.343046035706793,0.020815267924828365,252,-0.0021946936299741537,-0.008970755276364817,-0.3250228801353585,0.022738328841958467,252,-0.0031750063500126657,-0.007990442556326305,-0.2810899456370626,0.022806421326685467,252,-0.04321409604485382,0.02315329251424858,-0.0663673885591024,-1.4622321019693365,0.04314228316138742,252,0.019633953387396375,-0.0628480494322502,-1.1422057550603375,0.04845556073693524,252,0.017302831961635734,-0.060516928006489557,-1.091436787599815,0.0485765249525238,252,-0.09908070053203566,-0.00760030467849282,-0.09148039585354284,-0.8646626621078791,0.09304755271067382,252,0.02166086449714877,-0.12074156502918443,-0.8700560107135537,0.10699140197812518,252,0.026852003270645852,-0.1259327038026815,-0.9208534370351781,0.10669362838732664,252,-0.10639737361152823,-0.03705549464106406,-0.06934187897046418,-0.6290858405809717,0.11942088786272688,504,0.03422510782385091,-0.14062248143537914,-0.9861088299208595,0.13818879981699347,504,0.0339535649596574,-0.14035093857118563,-0.9846566423449169,0.13828785203110083,504,-0.1098084332723378,-0.04488432712640045,-0.06492410614593735,-0.580607930017572,0.12114412231373864,504,0.03421821271087011,-0.1440266459832079,-0.9864016496456027,0.1408571204414568,504,0.03429418547191565,-0.14410261874425345,-0.9870905167384836,0.14102819832324245,504,-0.13458994944324543,0.00909271600325079,-0.14368266544649622,-1.1015808371564577,0.13785688058051396,635,0.15022681633941493,-0.28481676578266035,-1.5678318295257818,0.1689934108429697,635,0.15024729803993409,-0.2848372474831795,-1.5654456297522605,0.1693847978530424,635,-0.27444325496399735,-0.06399026038465327,-0.21045299457934408,-1.113144162628977,0.21378452761091232,509,0.1574845953298054,-0.43192785029380276,-1.5005556014378945,0.28716232714051193,509,0.15617749953967963,-0.430620754503677,-1.4962963611233504,0.2876334582487673,509,-0.26267770996417295,-0.05321249334318423,-0.20946521662098871,,,0,0.1375379312205689,-0.40021564118474184,,,0,0.13745380769509463,-0.4001315176592676,,,0
2026-10-07,2026-10-10T22:41:07.402161+00:00,BLK,"BlackRock, Inc.",金融,資産運用・ETF・資金フロー,XLF,165652805504.17,1069.6300048828125,2026-10-07,-0.009069721391051,-0.004813892420165944,-0.004255828970885056,-0.3139370381579444,0.012972679442515806,252,-0.0021946936299741537,-0.006875027761076846,-0.43556655519826437,0.014191335880901141,252,-0.0031750063500126657,-0.005894715041038334,-0.36762139072324534,0.014148931525143897,252,0.010715366678078375,0.006554278354308218,0.004161088323770157,0.1709815669814866,0.030676851665290404,252,0.019633953387396375,-0.008918586709318,-0.169372812590359,0.031368001073660806,252,0.017302831961635734,-0.006587465283557359,-0.0953566199370591,0.03130220615721486,252,-0.002238766031243178,-0.054675269042282926,0.05243650301103975,1.0729732994746366,0.05368245912186838,252,0.02166086449714877,-0.023899630528391946,-0.20270608242428476,0.0526788089755074,252,0.026852003270645852,-0.02909076930188903,-0.3009334054477905,0.0526328972854304,252,0.04844669737356133,-0.03986777248756279,0.08831446986112412,1.2517233915853174,0.0691819831301066,504,0.03422510782385091,0.014221589549710423,0.23192793213099433,0.07140468806049288,504,0.0339535649596574,0.01449313241390393,0.23317795358285132,0.07146424019917809,504,0.054369194892769146,-0.028803916920794315,0.08317311181356346,1.1414762802815497,0.07127731802996506,504,0.03421821271087011,0.020150982181899035,0.30104449295691343,0.07399470601380258,504,0.03429418547191565,0.020075009420853496,0.2969291968349405,0.07412473343216451,504,0.07951523872472355,0.057210548335533185,0.022304690389190363,0.23635292707628144,0.08587211466373335,635,0.15022681633941493,-0.07071157761469138,-0.6366166031431761,0.10434009290375236,635,0.15024729803993409,-0.07073205931521054,-0.6363971484967448,0.10470518090662236,635,-0.07358913428503278,0.01671475113967169,-0.09030388542470447,-1.3901563932917294,0.07731750377049083,509,0.1574845953298054,-0.23107372961483819,-1.6500795106904322,0.1484239393388935,509,0.15617749953967963,-0.2297666338247124,-1.6431038714337693,0.14873871570160085,509,0.0019690826579048526,-0.009513429827154973,0.011482512485059826,,,0,0.1375379312205689,-0.13556884856266405,,,0,0.13745380769509463,-0.13548472503718978,,,0
2026-10-07,2026-10-10T22:41:07.402161+00:00,BRK.B,Berkshire Hathaway Inc. Class B,金融,保険・複合企業・資本配分,XLF,1083734333212.5,506.25,2026-10-07,0.0014044218915960638,-0.004813892420165944,0.006218314311762008,0.6172287029066367,0.010124469525139372,252,-0.0021946936299741537,0.0035991155215702175,0.34025412936825317,0.012168688380526944,252,-0.0031750063500126657,0.0045794282416087295,0.42191154872629827,0.0121358798656058,252,0.016668315271609835,0.006554278354308218,0.010114036917301616,0.46802842635522796,0.021932340006221806,252,0.019633953387396375,-0.0029656381157865397,-0.011254247105847836,0.026043870622070208,252,0.017302831961635734,-0.0006345166900258992,0.0772170366790821,0.026353120028964613,252,-0.0009275363505898415,-0.054675269042282926,0.053747732691693084,1.300851379916038,0.0428535561319979,252,0.02166086449714877,-0.02258840084773861,-0.29772449119228267,0.04209278384623455,252,0.026852003270645852,-0.027779539621235694,-0.4225375193188942,0.0418725766802734,252,0.030870112963324647,-0.03986777248756279,0.07073788545088744,1.1126298841153344,0.08151027490467871,504,0.03422510782385091,-0.0033549948605262614,0.20388334284999632,0.10130696563432212,504,0.0339535649596574,-0.0030834519963327534,0.20428795276396453,0.10161121184257015,504,0.02179833994727165,-0.028803916920794315,0.050602256868065965,0.8639210865661404,0.08258964546340856,504,0.03421821271087011,-0.01241987276359846,0.11831043882173589,0.10367020247868768,504,0.03429418547191565,-0.012495845524644,0.11542135267324695,0.10396140471648316,504,0.05523710265763415,0.057210548335533185,-0.001973445677899033,0.4506315688006576,0.06577798407887038,635,0.15022681633941493,-0.09498971368178077,-0.5557200587985667,0.1027120113973019,635,0.15024729803993409,-0.09501019538229993,-0.5554115685979827,0.10314615556787987,635,0.012459523865470556,0.01671475113967169,-0.004255227274201134,0.8789699962329789,0.07044299189999936,509,0.1574845953298054,-0.14502507146433485,-0.5251585668256881,0.1437862913493022,509,0.15617749953967963,-0.14371797567420908,-0.5191772026509694,0.14444482676354214,509,0.018919178385852664,-0.009513429827154973,0.028432608213007637,,,0,0.1375379312205689,-0.11861875283471623,,,0,0.13745380769509463,-0.11853462930924197,,,0
2026-10-07,2026-10-10T22:41:07.402161+00:00,CAT,Caterpillar Inc.,資本財・産業,建設機械・鉱山・インフラ,XLI,374097214914.87,813.8300170898438,2026-10-07,-0.057456204497461916,-0.021797444068374805,-0.03565876042908711,-2.0787195534186407,0.018121969041211706,252,-0.0021946936299741537,-0.05526151086748776,-2.641516949413483,0.02163867488493433,252,-0.0031750063500126657,-0.05428119814744925,-2.59135870277298,0.021679401239396566,252,0.0037494778486242275,0.00515032119029879,-0.0014008433416745625,-0.29914162376929965,0.0381535661644962,252,0.019633953387396375,-0.015884475538772147,-0.5589710795871313,0.04518045357133599,252,0.017302831961635734,-0.013553354113011506,-0.5100875497495273,0.044946309567456495,252,-0.0021212179041747437,-0.02036737330084859,0.018246155396673847,-0.3014946559241416,0.07894274803999793,252,0.02166086449714877,-0.023782082401323512,-0.7040420083876916,0.09094948150515647,252,0.026852003270645852,-0.028973221174820596,-0.7633323159710811,0.09064589065271139,252,-0.12642792193442576,-0.067381013427535,-0.05904690850689076,-0.9950218143683971,0.1428700931275299,504,0.03422510782385091,-0.16065302975827667,-1.668912436957089,0.14871466258529675,504,0.0339535649596574,-0.16038148689408316,-1.671544883107127,0.14841875250615708,504,-0.13112910090001295,-0.07077967224249226,-0.06034942865752069,-1.0092525679085276,0.14722921713735512,504,0.03421821271087011,-0.16534731361088306,-1.6917720543635468,0.15294719015201785,504,0.03429418547191565,-0.1654232863719286,-1.6958666323175262,0.1527347011530317,504,0.05872624359406586,-0.010178737342719013,0.06890498093678488,-0.4544096295837567,0.2406744172608879,635,0.15022681633941493,-0.09150057274534906,-1.0903101902049945,0.25439121034003515,635,0.15024729803993409,-0.09152105444586822,-1.0922097629908432,0.2541405336077641,635,0.6576280554527172,0.09429911131415047,0.5633289441385667,0.300190763925781,0.4966455948656136,509,0.1574845953298054,0.5001434601229118,0.12199808866702745,0.5082512682262319,509,0.15617749953967963,0.5014505559130376,0.1231512726626555,0.5076993808674896,509,0.36829834748755186,0.07088989236349175,0.2974084551240601,,,0,0.1375379312205689,0.23076041626698296,,,0,0.13745380769509463,0.23084453979245723,,,0
2026-10-07,2026-10-10T22:41:07.402161+00:00,CEG,Constellation Energy Corporation,公益,原子力・発電・データセンター電力需要,XLU,106146947674.61,299.5899963378906,2026-10-07,-0.0026963967212092488,-0.00024291354641081675,-0.002453483174798432,-0.08914284788165155,0.02658155054718463,252,-0.0021946936299741537,-0.000501703091235095,0.012814519733523915,0.028554985163106585,252,-0.0031750063500126657,0.00047860962880341695,0.04679437050906511,0.02875858367165515,252,0.17939528894957224,0.04335707298965019,0.13603821595992205,2.4209941478516877,0.05695060672117004,252,0.019633953387396375,0.15976133556217587,2.6316093689077174,0.06294594614766018,252,0.017302831961635734,0.1620924569879365,2.6656041371206785,0.06301654220489257,252,0.019342976751691054,-0.03463957783839511,0.05398255459008616,0.6245359174002918,0.10129137812166633,252,0.02166086449714877,-0.002317887745457714,0.18629586109102422,0.10807678424466025,252,0.026852003270645852,-0.007509026518954798,0.13821083575750362,0.10833865143970015,252,0.17010701445719634,-0.0927429111669511,0.26284992562414744,1.0855193106424046,0.20720695676584866,504,0.03422510782385091,0.13588190663334543,0.5648934940649688,0.2007317269532246,504,0.0339535649596574,0.13615344949753894,0.5660521006645933,0.20050308109928078,504,0.19666001819314904,-0.08148520908822687,0.2781452272813759,1.174221436850666,0.2055537032745179,504,0.03421821271087011,0.16244180548227893,0.7039348264475742,0.20014954501903612,504,0.03429418547191565,0.1623658327212334,0.7029572088643621,0.2000496364123155,504,0.057152447375329984,-0.10822427007697533,0.1653767174523053,0.12431115540723814,0.30932658598151436,635,0.15022681633941493,-0.09307436896408494,-0.6827522434987383,0.3127013710025049,635,0.15024729803993409,-0.0930948506646041,-0.6839835069991771,0.31244467659821606,635,-0.17257694273802404,-0.057064538283802535,-0.1155124044542215,-0.8816094558556148,0.44128836749970235,509,0.1574845953298054,-0.33006153806782945,-1.2609922073502824,0.48137609661215597,509,0.15617749953967963,-0.3287544422777037,-1.2601170415632232,0.4812992325558637,509,-0.1783770189132141,-0.0271206422691036,-0.1512563766441105,,,0,0.1375379312205689,-0.315914950133783,,,0,0.13745380769509463,-0.31583082660830875,,,0
2026-10-07,2026-10-10T22:41:07.402161+00:00,COST,Costco Wholesale Corporation,生活必需品,ディフェンシブ・会員制小売,XLP,417667388500.0,942.25,2026-10-07,0.007021639209608743,-0.0012225684570249529,0.008244207666633696,0.8464363491657458,0.009914183185564703,252,-0.0021946936299741537,0.009216332839582897,0.6272895237957771,0.015407225088227406,252,-0.0031750063500126657,0.010196645559621409,0.690483730564429,0.015416166690403344,252,0.03505280686685386,0.013647624006770664,0.021405182860083194,1.0008587033793812,0.022241278692116593,252,0.019633953387396375,0.015418853479457484,0.5214852944370746,0.03423087656095456,252,0.017302831961635734,0.017749974905218124,0.586470343173627,0.03440738814598987,252,0.04392867880183915,-0.009785465794422743,0.05371414459626189,1.5261684113574223,0.04017255024364639,252,0.02166086449714877,0.02226781430469038,0.6478640750461656,0.05552875859890518,252,0.026852003270645852,0.017076675531193297,0.5530886071437817,0.05571332586795622,252,0.023865598963892953,-0.014177380430164588,0.03804297939405754,0.5892102272392202,0.06519001770447172,504,0.03422510782385091,-0.010359508859957955,0.1834661301816383,0.0986112593509533,504,0.0339535649596574,-0.010087965995764447,0.18413820522850782,0.09881148651659206,504,0.03371206632545798,-0.011570677255121842,0.04528274358057982,0.6903758401204124,0.06669897774845744,504,0.03421821271087011,-0.0005061463854121317,0.28965821157862176,0.1015199799177934,504,0.03429418547191565,-0.0005821191464576714,0.2864902749132456,0.10171442867128877,504,-0.0826505722833003,0.0003374133696778525,-0.08298798565297816,-1.2517567735128787,0.10531196608367573,635,0.15022681633941493,-0.23287738862271523,-1.6040363273440483,0.14357247106397958,635,0.15024729803993409,-0.2328978703232344,-1.6038758910771362,0.14371741823748735,635,0.04040620379766757,0.08368337601850384,-0.04327717222083627,-0.7442947529521832,0.1822243565473056,509,0.1574845953298054,-0.11707839153213784,-0.47215559814056524,0.20938659502143564,509,0.15617749953967963,-0.11577129574201206,-0.46924819813026275,0.20957973159863078,509,0.10755843714390734,0.07187583892147198,0.03568259822243536,,,0,0.1375379312205689,-0.02997949407666156,,,0,0.13745380769509463,-0.029895370551187295,,,0
2026-10-07,2026-10-10T22:41:07.402161+00:00,CRM,"Salesforce, Inc.",情報技術,企業向けSaaS・CRM,XLK,184812880000.0,224.55999755859375,2026-10-07,-0.0019112312728192249,-0.003019805001740372,0.0011085737289211473,0.07448822797664713,0.03288706883376266,252,-0.0021946936299741537,0.00028346235715492885,0.023715719356250713,0.030077034565216265,252,-0.0031750063500126657,0.0012637750771934408,0.05624281907291075,0.030103752576952143,252,-0.021823450824520974,0.02881225741838289,-0.050635708242903865,-0.6332025004148681,0.0706984317871905,252,0.019633953387396375,-0.04145740421191735,-0.6054300312576864,0.06630828419482546,252,0.017302831961635734,-0.03912628278615671,-0.5678679486699666,0.06659472976038112,252,-0.07865721573471107,0.07321569478226198,-0.15187291051697305,-0.8894962264776988,0.14628525186866478,252,0.02166086449714877,-0.10031808023185984,-0.7076349463400319,0.13535813511872108,252,0.026852003270645852,-0.10550921900535692,-0.7426745931333256,0.1359206705591277,252,0.34253439199148117,0.09805591540482772,0.24447847658665345,1.4798193466033605,0.21763031352995485,504,0.03422510782385091,0.30830928416763026,1.9153708134046892,0.18411783839837473,504,0.0339535649596574,0.30858082703182377,1.9125489502955173,0.18444342429958235,504,0.3843388756376813,0.08780691965895482,0.2965319559787265,1.7311342363266236,0.21925843653590318,504,0.03421821271087011,0.3501206629268112,2.159433165036751,0.18459981157127262,504,0.03429418547191565,0.35004469016576567,2.154622563693015,0.1848885558377985,504,0.28196248895131304,0.4246978009107585,-0.14273531195944544,0.12603093224141057,0.24951641570072536,635,0.15022681633941493,0.1317356726118981,1.241156955940046,0.20698038787180575,635,0.15024729803993409,0.13171519091137895,1.2379673022576405,0.20734449499301888,635,-0.07858782068531822,0.4076703842498024,-0.4862582049351206,-0.4508454333639251,0.3289923664013029,509,0.1574845953298054,-0.23607241601512363,0.07276941550593527,0.23549975793111025,509,0.15617749953967963,-0.23476532022499785,0.07494797309338422,0.23556769590177706,509,-0.10850990222891843,0.40066822627874177,-0.5091781285076602,,,0,0.1375379312205689,-0.24604783344948733,,,0,0.13745380769509463,-0.24596370992401306,,,0
2026-10-07,2026-10-10T22:41:07.402161+00:00,CSCO,"Cisco Systems, Inc.",情報技術,ネットワーク・通信機器・セキュリティ,XLK,462820273021.47,117.38999938964844,2026-10-07,-0.0046634139424497345,-0.003019805001740372,-0.0016436089407093624,-0.12471352409693898,0.020858459743908743,252,-0.0021946936299741537,-0.0024687203124755808,-0.2143568991414208,0.020236031633352174,252,-0.0031750063500126657,-0.0014884075924370688,-0.16581038423363734,0.02025151566102937,252,0.0949092639965512,0.02881225741838289,0.0660970065781683,1.2402984008963776,0.05016934675282762,252,0.019633953387396375,0.07527531060915482,1.4298902096755197,0.04674929397345793,252,0.017302831961635734,0.07760643203491546,1.4760580458612922,0.046864262518202505,252,0.07689928042901428,0.07321569478226198,0.0036835856467523076,-0.14743381588846363,0.08230976829077191,252,0.02166086449714877,0.055238415931865514,0.23649699343202066,0.09387345394507855,252,0.026852003270645852,0.05004727715836843,0.17959671945019742,0.09487983772069739,252,0.006448803185096219,0.09805591540482772,-0.0916071122197315,-1.3548707053375955,0.10121601275718234,504,0.03422510782385091,-0.02777630463875469,-0.8586950991189508,0.12406525340445575,504,0.0339535649596574,-0.02750476177456118,-0.8589935838687469,0.12390206799024302,504,-0.0039296330141480595,0.08780691965895482,-0.09173655267310288,-1.3475705704349537,0.10454031780528522,504,0.03421821271087011,-0.03814784572501817,-0.9631860172540914,0.12646600370071065,504,0.03429418547191565,-0.03822381848606371,-0.9663547185205603,0.12632647750634,504,0.4132131602561806,0.4246978009107585,-0.011484640654577882,-0.3114512122494768,0.17833767242623372,635,0.15022681633941493,0.2629863439167657,0.8895815758361434,0.19099415052898733,635,0.15024729803993409,0.2629658622162465,0.8870137204783451,0.19131094642568708,635,0.7350641565467553,0.4076703842498024,0.3273937722969529,1.0963128392552766,0.1773825588308715,509,0.1574845953298054,0.5775795612169499,1.5668219149543978,0.22971893551589073,509,0.15617749953967963,0.5788866570070756,1.5682070778964134,0.22984643362755144,509,0.5640042057687826,0.40066822627874177,0.16333597949004086,,,0,0.1375379312205689,0.42646627454821373,,,0,0.13745380769509463,0.426550398073688,,,0
2026-10-07,2026-10-10T22:41:07.402161+00:00,CVX,Chevron Corporation,エネルギー,石油・天然ガス・統合エネルギー,XLE,402422911661.1,205.14999389648438,2026-10-07,-0.011706368210498641,-0.006117637484681415,-0.005588730725817226,-0.8563114773718941,0.006321180085194489,252,-0.0021946936299741537,-0.009511674580524487,-0.5473944943814146,0.018883229407193326,252,-0.0031750063500126657,-0.008531361860485975,-0.4951180577026798,0.018898026984249777,252,0.004603041730145252,0.03024391236344015,-0.0256408706332949,-1.945636556419778,0.012777885089819254,252,0.019633953387396375,-0.015030911657251123,-0.4518627518755912,0.042278052739686635,252,0.017302831961635734,-0.012699790231490482,-0.3950143452099716,0.04246899756139382,252,-0.040503268139910675,-0.02409101111316103,-0.016412257026749644,-0.5011650528757378,0.024065605476662293,252,0.02166086449714877,-0.062164132637059444,-0.8876446865768949,0.08792634229018612,252,0.026852003270645852,-0.06735527141055653,-0.9430699256412751,0.08823103176779883,252,0.13853640592082184,0.11916795264110247,0.019368453279719366,0.4210568142461321,0.0420567453311786,504,0.03422510782385091,0.10431129809697093,0.697184824087534,0.13163744220760962,504,0.0339535649596574,0.10458284096116444,0.6979436992339897,0.13164209480987263,504,0.18897085256222335,0.1626525577567517,0.026318294805471654,0.5856892218137587,0.04272508421747532,504,0.03421821271087011,0.15475263985135324,1.07493035637601,0.1327544293498905,504,0.03429418547191565,0.1546766670903077,1.0736652282129733,0.13266319996116474,504,0.08266775410889116,0.10587889854503141,-0.023211144436140252,-0.1852340098869504,0.04963545872786668,635,0.15022681633941493,-0.06755906223052377,-0.3447248624353867,0.1253957134120024,635,0.15024729803993409,-0.06757954393104293,-0.34620972715356735,0.12546286165568288,635,0.3844556006478712,0.458679649613595,-0.07422404896572377,-0.9683369693620927,0.06331048022351547,509,0.1574845953298054,0.2269710053180658,1.798703321901758,0.15525988758038448,509,0.15617749953967963,0.22827810110819158,1.803711028895577,0.15511609823549483,509,0.35265360746765406,0.41545894831373653,-0.06280534084608247,,,0,0.1375379312205689,0.21511567624708516,,,0,0.13745380769509463,0.21519979977255943,,,0
2026-10-07,2026-10-10T22:41:07.402161+00:00,EQIX,"Equinix, Inc.",不動産,データセンター・デジタルインフラ,XLRE,101806485464.22,1031.77001953125,2026-10-07,-0.014885011875911514,-0.012895347906900612,-0.001989663969010902,-0.22503061761597964,0.014624755110971957,252,-0.0021946936299741537,-0.01269031824593736,-0.8464195740624055,0.015876456499733575,252,-0.0031750063500126657,-0.011710005525898848,-0.7854180547537861,0.015862026692582187,252,0.01995887828971732,-0.008310930184699084,0.028269808474416402,0.7011353882944222,0.031569833258525366,252,0.019633953387396375,0.0003249249023209444,-0.09047282545080639,0.034536074654238275,252,0.017302831961635734,0.002656046328081585,-0.023158895587102803,0.03439552026540507,252,-0.010823958763909736,-0.05755606448527939,0.046732105721369654,0.4263765770670552,0.058155777973870705,252,0.02166086449714877,-0.032484823261058504,-0.6423372893627549,0.07118155935106264,252,0.026852003270645852,-0.03767596203455559,-0.7148239033106569,0.07118291886295268,252,0.012857271506122814,-0.0802272833215586,0.09308455482768141,0.5842814058738421,0.11249557179576965,504,0.03422510782385091,-0.021367836317728095,-0.1578413144514016,0.1343476381591275,504,0.0339535649596574,-0.021096293453534587,-0.15715505708935731,0.13427798350014516,504,0.0017682110987335964,-0.07502847489373665,0.07679668599247025,0.4187883969034626,0.11508921380339622,504,0.03421821271087011,-0.032450001612136514,-0.23821746185141288,0.13841741244683237,504,0.03429418547191565,-0.032525974373182054,-0.2401824661599461,0.13839205829785137,504,0.023748056231496006,-0.027568576272292922,0.05131663250378893,0.1739391694212351,0.14462309013985347,635,0.15022681633941493,-0.12647876010791892,-0.5924870823617171,0.18170078544491414,635,0.15024729803993409,-0.12649924180843808,-0.5926400982708835,0.18200727826480417,635,0.33425617072523317,0.008196062386313319,0.32606010833891985,2.045834714568764,0.14455772746838094,509,0.1574845953298054,0.17677157539542776,1.6263434551278861,0.14946350639728562,509,0.15617749953967963,0.17807867118555354,1.6307593161988763,0.1493765110446646,509,0.37088333050174294,0.02890979029368168,0.34197354020806126,,,0,0.1375379312205689,0.23334539928117404,,,0,0.13745380769509463,0.2334295228066483,,,0
2026-10-07,2026-10-10T22:41:07.402161+00:00,ETN,Eaton Corporation plc,資本財・産業,電力設備・配電・データセンター,XLI,167528572000.0,431.3299865722656,2026-10-07,-0.030915118018467136,-0.021797444068374805,-0.009117673950092331,-0.5186113173001021,0.018593871814091174,252,-0.0021946936299741537,-0.028720424388492982,-1.374378870473617,0.021196067591001386,252,-0.0031750063500126657,-0.02774011166845447,-1.328743428094968,0.021186638022195062,252,0.0037699731200149245,0.00515032119029879,-0.0013803480702838655,-0.08849313459937026,0.04078533839778557,252,0.019633953387396375,-0.01586398026738145,-0.3988450151506301,0.04375250774513203,252,0.017302831961635734,-0.01353285884162081,-0.3485810639428015,0.043382894790602734,252,0.03879867372525614,-0.02036737330084859,0.05916604702610473,0.8169362531373322,0.06609291740774821,252,0.02166086449714877,0.01713780922810737,0.18726840137171158,0.07348950085818205,252,0.026852003270645852,0.011946670454610286,0.11786569441398696,0.0729778020788554,252,0.040602720841716566,-0.067381013427535,0.10798373426925156,0.9802146398053547,0.10367120835678358,504,0.03422510782385091,0.006377613017865658,-0.040301263933033224,0.10949667765865327,504,0.0339535649596574,0.006649155882059166,-0.0395356427518985,0.10900824087995442,504,0.06544913652221807,-0.07077967224249226,0.13622880876471033,1.2445406648692938,0.10501695915973391,504,0.03421821271087011,0.031230923811347955,0.1863259984097152,0.11022379981817117,504,0.03429418547191565,0.031154951050302415,0.18457801605288626,0.10982704654285912,504,0.12450372708408763,-0.010178737342719013,0.13468246442680665,0.8172582090660881,0.13389073951409455,635,0.15022681633941493,-0.02572308925532729,-0.44417911666261506,0.13187754207991353,635,0.15024729803993409,-0.02574357095584645,-0.44841715157059664,0.13109822625778353,635,0.14767390090399757,0.09429911131415047,0.053374789589847094,0.3827236163881809,0.15269989739456663,509,0.1574845953298054,-0.009810694425807842,-0.18420125320645714,0.15548689156764572,509,0.15617749953967963,-0.008503598635682064,-0.18146011442227186,0.15498027638631579,509,0.3288263543054697,0.07088989236349175,0.25793646194197795,,,0,0.1375379312205689,0.1912884230849008,,,0,0.13745380769509463,0.19137254661037506,,,0
2026-10-07,2026-10-10T22:41:07.402161+00:00,FCX,Freeport-McMoRan Inc.,素材,銅・鉱山・電力網・電化,XLB,103192219202.78,71.86000061035156,2026-10-07,-0.00964714679981793,-0.015081439913608219,0.0054342931137902895,0.12376197329968276,0.024862937931807248,252,-0.0021946936299741537,-0.007452453169843776,-0.37289979961735487,0.026038053611507905,252,-0.0031750063500126657,-0.006472140449805264,-0.33353818205983216,0.026173206082315856,252,0.026571437290736633,0.005749461497133179,0.020821975793603453,0.15821549924917888,0.05504399431332257,252,0.019633953387396375,0.006937483903340258,-0.07787016539081258,0.06022529807085645,252,0.017302831961635734,0.009268605329100899,-0.03906777937911736,0.06045237194342966,252,-0.057326545377681004,-0.04251011270207883,-0.014816432675602176,-0.6006323611320633,0.09172651078556791,252,0.02166086449714877,-0.07898740987482977,-1.0129227510833445,0.11628659655034454,252,0.026852003270645852,-0.08417854864832686,-1.0504982257865452,0.11703972296033428,252,0.16278319575218014,-0.028329231672690525,0.19111242742487067,1.0543916298382752,0.13200607633119607,504,0.03422510782385091,0.12855808792832923,0.5131609544935327,0.18801816812627603,504,0.0339535649596574,0.12882963079252274,0.513542529097925,0.188079313363074,504,0.19006142841728257,-0.02098276462329174,0.2110441930405743,1.1640861981057533,0.13617198155353943,504,0.03421821271087011,0.15584321570641246,0.643254934785593,0.1927687029730297,504,0.03429418547191565,0.15576724294536692,0.6417891915831239,0.19279464330740342,504,0.10895605823988075,-0.045615699820656386,0.15457175806053713,0.36675643987898715,0.17447532909435975,635,0.15022681633941493,-0.04127075809953418,-0.39154076098729346,0.22989164237104115,635,0.15024729803993409,-0.041291239800053336,-0.3930494368922907,0.2295420961742276,635,0.8014014993838234,0.11082894914310493,0.6905725502407185,1.940838305145627,0.28023857962862675,509,0.1574845953298054,0.643916904054018,1.729601658470933,0.34494308533112866,509,0.15617749953967963,0.6452239998441438,1.733791247656235,0.3444084026099992,509,0.39366303463008134,0.0756512161863403,0.31801181844374105,,,0,0.1375379312205689,0.25612510340951244,,,0,0.13745380769509463,0.2562092269349867,,,0
2026-10-07,2026-10-10T22:41:07.402161+00:00,GE,GE Aerospace,資本財・産業,航空機エンジン・航空宇宙,XLI,315024730197.06,303.6199951171875,2026-10-07,-0.018649663072696554,-0.021797444068374805,0.003147780995678251,0.21571734040427853,0.015161453298666184,252,-0.0021946936299741537,-0.0164549694427224,-0.8866754104654978,0.01829062417353118,252,-0.0031750063500126657,-0.015474656722683888,-0.8300602166863892,0.018357734766258328,252,-0.0262843009236432,0.00515032119029879,-0.03143462211394199,-0.9529541175566579,0.032409222835869216,252,0.019633953387396375,-0.045918254311039575,-1.1200932816612366,0.03993037924117192,252,0.017302831961635734,-0.043587132885278934,-1.0675540547370443,0.039714837241854595,252,-0.06557167804073438,-0.02036737330084859,-0.04520430473988579,-0.6902721932123936,0.06527449288765645,252,0.02166086449714877,-0.08723254253788315,-0.9997499792768609,0.08530993558085848,252,0.026852003270645852,-0.09242368131138023,-1.0673720960269926,0.08474016576808867,252,-0.1403565374678164,-0.067381013427535,-0.0729755240402814,-1.1825857390309074,0.10425686855528395,504,0.03422510782385091,-0.1745816452916673,-1.9554647911046692,0.11727420389077503,504,0.0339535649596574,-0.1743101024274738,-1.9569062850334635,0.11713511000944643,504,-0.15307018887969515,-0.07077967224249226,-0.08229051663720288,-1.2774347429453121,0.10569345855735202,504,0.03421821271087011,-0.18728840159056526,-2.090262694912987,0.1172947368220584,504,0.03429418547191565,-0.1873643743516108,-2.093971882180406,0.11721394922601147,504,-0.011683646024714278,-0.010178737342719013,-0.001504908681995265,-0.8685073853034362,0.20616097816172577,635,0.15022681633941493,-0.1619104623641292,-1.6880280396234975,0.2055966370717176,635,0.15024729803993409,-0.16193094406464836,-1.693618540974673,0.20504164478223452,635,0.023583000387456643,0.09429911131415047,-0.07071611092669383,-2.0878089112253213,0.21319743258903615,509,0.1574845953298054,-0.13390159494234877,-2.4366606293576627,0.2184129502625623,509,0.15617749953967963,-0.132594499152223,-2.4348657117573467,0.2183611575298015,509,-0.049402225305838376,0.07088989236349175,-0.12029211766933012,,,0,0.1375379312205689,-0.18694015652640728,,,0,0.13745380769509463,-0.186856033000933,,,0
2026-10-07,2026-10-10T22:41:07.402161+00:00,GEV,GE Vernova Inc.,資本財・産業,発電設備・送配電・電力インフラ,XLI,265558550279.29,997.0900268554688,2026-10-07,-0.031208339698513443,-0.021797444068374805,-0.009410895630138638,-0.4136870760341853,0.028080945824755527,252,-0.0021946936299741537,-0.02901364606853929,-1.0370069153235013,0.02999513213448714,252,-0.0031750063500126657,-0.028033333348500777,-0.9992986336247321,0.03014648177937375,252,0.049027382823466636,0.00515032119029879,0.043877061633167846,0.6230081175272546,0.055286402591221535,252,0.019633953387396375,0.029393429436070262,0.34470170266969613,0.05976944781437243,252,0.017302831961635734,0.0317245508618309,0.3858874311012268,0.0594231440896162,252,0.04842072877277204,-0.02036737330084859,0.06878810207362063,0.3880306664629139,0.09786721847488654,252,0.02166086449714877,0.02675986427562327,-0.019880076586415482,0.11347828280218647,252,0.026852003270645852,0.021568725502126185,-0.06574065766499672,0.11281662278589161,252,-0.06465228494928399,-0.067381013427535,0.002728728478251008,-0.8284704415295544,0.23778158949970243,504,0.03422510782385091,-0.0988773927731349,-1.1748565860364892,0.2579275740594506,504,0.0339535649596574,-0.09860584990894139,-1.175563803789871,0.25768466542598484,504,-0.07269867957536613,-0.07077967224249226,-0.0019190073328738677,-0.8650056109585121,0.2475360279701873,504,0.03421821271087011,-0.10691689228623624,-1.2090348210584119,0.2682142516377547,504,0.03429418547191565,-0.10699286504728178,-1.2104812245059526,0.2681134282412631,504,0.06573169521641664,-0.010178737342719013,0.07591043255913565,-1.3582108865910725,0.3050196353881047,508,0.15022681633941493,-0.08449512112299828,-1.8219962925106934,0.3214201447831268,508,0.15024729803993409,-0.08451560282351744,-1.8222426564169234,0.3216122169022868,508,0.6566995214569582,0.09429911131415047,0.5624004101428077,-1.0372016469201806,0.5991416064513335,382,0.1574845953298054,0.4992149261271528,-1.1509622041122651,0.6226578985700326,382,0.15617749953967963,0.5005220219172786,-1.1496682688289526,0.6229904822235279,382,0.4699989282969468,0.07088989236349175,0.39910903593345504,,,0,0.1375379312205689,0.3324609970763779,,,0,0.13745380769509463,0.33254512060185215,,,0
2026-10-07,2026-10-10T22:41:07.402161+00:00,GOOGL,Alphabet Inc. Class A,コミュニケーション・サービス,検索広告・AI・クラウド,XLC,4286592158265.5,350.5,2026-10-07,0.008110927817605251,-0.0034930531510833918,0.011603980968688643,0.6336143813752562,0.015698142638594398,252,-0.0021946936299741537,0.010305621447579405,0.5528885804233037,0.016912803220627548,252,-0.0031750063500126657,0.011285934167617917,0.6063620736718109,0.017037208643110386,252,0.018658491276085876,0.0026133271364985333,0.016045164139587342,0.19188338345122632,0.03887550932253409,252,0.019633953387396375,-0.0009754621113104989,-0.14948507044793524,0.03954713212234069,252,0.017302831961635734,0.0013556593144501417,-0.08964000609137061,0.0399787103562967,252,0.06003328737314306,0.007188346204511031,0.05284494116863203,0.2279454396413326,0.08568226288513298,252,0.02166086449714877,0.038372422875994294,0.2510482558735357,0.07747517953036541,252,0.026852003270645852,0.03318128410249721,0.18231558300993952,0.07837688053973026,252,-0.024435275141794333,0.001585372185746392,-0.026020647327540725,-0.6161501894732034,0.15637262579270989,504,0.03422510782385091,-0.05866038296564524,-0.84598553365789,0.14683868936598027,504,0.0339535649596574,-0.05838884010145173,-0.8440577190387497,0.14705186688961122,504,-0.02274994864945956,0.010104808513238028,-0.03285475716269759,-0.6553877440478701,0.1625743544981981,504,0.03421821271087011,-0.05696816136032967,-0.820516982229463,0.15320371051412143,504,0.03429418547191565,-0.05704413412137521,-0.8215678545972922,0.15333139764694823,504,0.10593333115071069,-0.01663220659160025,0.12256553774231094,-0.034852620129837864,0.24860882602563675,635,0.15022681633941493,-0.04429348518870424,-0.7634125925378897,0.23167813120525904,635,0.15024729803993409,-0.0443139668892234,-0.7638605393053604,0.23181645956544517,635,0.40323262475191823,-0.03323570053642133,0.43646832528833956,0.3400216612774779,0.4408569242523309,509,0.1574845953298054,0.24574802942211282,-0.20340020675081907,0.3650871703298828,509,0.15617749953967963,0.2470551252122386,-0.20214529742211582,0.3647904021012428,509,0.11433224673530629,-0.0395703898022538,0.1539026365375601,,,0,0.1375379312205689,-0.023205684485262612,,,0,0.13745380769509463,-0.023121560959788345,,,0
2026-10-07,2026-10-10T22:41:07.402161+00:00,GS,"The Goldman Sachs Group, Inc.",金融,投資銀行・資本市場・トレーディング,XLF,258330184891.68,887.2100219726562,2026-10-07,-0.0111125646854765,-0.004813892420165944,-0.0062986722653105565,-0.41737378908949996,0.01667134587140706,252,-0.0021946936299741537,-0.008917871055502347,-0.5577218705806788,0.01625693736607544,252,-0.0031750063500126657,-0.007937558335463835,-0.4973816564190503,0.016259200584837888,252,-0.014605228567295292,0.006554278354308218,-0.02115950692160351,-0.7367961434544543,0.03306098617821996,252,0.019633953387396375,-0.034239181954691666,-1.03728822620344,0.03366207093440833,252,0.017302831961635734,-0.031908060528931026,-0.9703391201194219,0.033585429240879865,252,-0.13760959903253123,-0.054675269042282926,-0.0829343299902483,-1.6574957932282792,0.05887169240231461,252,0.02166086449714877,-0.15927046352968,-2.50763644361033,0.06614106410911001,252,0.026852003270645852,-0.16446160230317708,-2.588134548685824,0.06607787253197304,252,-0.21793403142995027,-0.03986777248756279,-0.17806625894238748,-2.31144003033144,0.10602005115602821,504,0.03422510782385091,-0.2521591392538012,-3.398538957566894,0.09271482807991764,504,0.0339535649596574,-0.25188759638960767,-3.3943941281658407,0.09279765390893306,504,-0.1557002355620929,-0.028803916920794315,-0.12689631864129858,-1.8366049001275713,0.10753862077739484,504,0.03421821271087011,-0.189918448272963,-2.7519887523521076,0.09323861761908918,504,0.03429418547191565,-0.18999442103400854,-2.7517333569388276,0.09334390176820717,504,-0.011333644931768916,0.057210548335533185,-0.0685441932673021,-2.07469141675186,0.1070029897110105,635,0.15022681633941493,-0.16156046127118384,-3.861777765430669,0.07994218317138872,635,0.15024729803993409,-0.161580942971703,-3.8629299089437237,0.0799725586068187,635,0.1353948303466832,0.01671475113967169,0.11868007920701151,-1.4734183906824803,0.16093307973513518,509,0.1574845953298054,-0.022089764983122206,-3.3002437532614257,0.11349150740757759,509,0.15617749953967963,-0.020782669192996428,-3.304976772668538,0.11317220134966208,509,-0.015467791424547461,-0.009513429827154973,-0.005954361597392488,,,0,0.1375379312205689,-0.15300572264511636,,,0,0.13745380769509463,-0.1529215991196421,,,0
2026-10-07,2026-10-10T22:41:07.402161+00:00,HD,"The Home Depot, Inc.",一般消費財,住宅・ホームセンター・リフォーム,XLY,285109764422.02,285.7699890136719,2026-10-07,-0.0032090879343530387,-0.0032223469962230356,1.3259061869996813e-05,0.06678119616459113,0.013533121546599775,252,-0.0021946936299741537,-0.001014394304378885,0.04290477972197509,0.015240168183330223,252,-0.0031750063500126657,-3.4081584340373006e-05,0.1060813471300265,0.015400421486102007,252,0.004499275275880121,0.02315329251424858,-0.01865401723836846,-0.5142759990317398,0.02768568977770044,252,0.019633953387396375,-0.015134678111516253,-0.19867125772401362,0.03271874749950475,252,0.017302831961635734,-0.012803556685755613,-0.12647421005263787,0.03298902379928871,252,-0.07949757520673217,-0.00760030467849282,-0.07189727052823935,-0.8558072939217681,0.06440513008265324,252,0.02166086449714877,-0.10115843970388094,-0.9542059327689474,0.07100369586931073,252,0.026852003270645852,-0.10634957847737803,-1.0293729032224126,0.0708322801613035,252,-0.14764049679117397,-0.03705549464106406,-0.11058500215010991,-0.8748279806882058,0.0864736174418844,504,0.03422510782385091,-0.18186560461502488,-1.4851017160216908,0.0921100182737544,504,0.0339535649596574,-0.18159406175083137,-1.4801560986641444,0.0923480994246734,504,-0.15013167175940267,-0.04488432712640045,-0.10524734463300223,-0.7955482562135826,0.08708075933113547,504,0.03421821271087011,-0.18434988447027278,-1.4803184318788105,0.09314307053385014,504,0.03429418547191565,-0.18442585723131832,-1.4788385361364287,0.0934160842628368,504,-0.1372109485932531,0.00909271600325079,-0.1463036645965039,-1.3232583787997232,0.06782830190425336,635,0.15022681633941493,-0.28743776493266804,-2.033490965371683,0.09975314513362435,635,0.15024729803993409,-0.2874582466331872,-2.0282498598562033,0.10011417550735663,635,-0.24520928388024243,-0.06399026038465327,-0.18121902349558916,-0.5600899800949444,0.10230225033720669,509,0.1574845953298054,-0.40269387921004784,-1.703175403134964,0.14691881084978375,509,0.15617749953967963,-0.40138678341992207,-1.6975296426803592,0.14710221077802357,509,-0.155704723038547,-0.05321249334318423,-0.10249222969536276,,,0,0.1375379312205689,-0.2932426542591159,,,0,0.13745380769509463,-0.2931585307336416,,,0
2026-10-07,2026-10-10T22:41:07.402161+00:00,INTC,Intel Corporation,情報技術,CPU・データセンター・半導体製造・ファウンドリー,SOXX,594392016752.8,113.12000274658203,2026-10-07,0.005511135525173572,-0.011247781398779355,0.016758916923952927,0.43756942102036145,0.03329050909863713,252,-0.0021946936299741537,0.007705829155147725,0.061224740610063215,0.04499770893471516,252,-0.0031750063500126657,0.008686141875186237,0.08291210774983332,0.045045223884889546,252,-0.059136658170454326,0.0249366775297164,-0.08407333570017073,-1.2039135012917832,0.08076030420712313,252,0.019633953387396375,-0.0787706115578507,-1.0057085776354018,0.10508031230679504,252,0.017302831961635734,-0.07643949013209006,-0.985323365832771,0.10489161327128543,252,0.06475908340693559,0.09624258646914163,-0.03148350306220604,-0.5618508951256702,0.19401362626537827,252,0.02166086449714877,0.04309821890978682,-0.33133346166047994,0.26906392049194244,252,0.026852003270645852,0.03790708013628974,-0.35108283734627777,0.26862766326569715,252,0.04974016800385206,0.02690714131545624,0.02283302668839582,-0.3283496430038686,0.3375324345843876,504,0.03422510782385091,0.01551506018000115,-0.43346701992502185,0.4755082228120332,504,0.0339535649596574,0.015786603044194658,-0.433504872082249,0.4752287734736678,504,0.005153739348998654,0.0025804396438349197,0.002573299705163734,-0.3980928204095364,0.343116870068522,504,0.03421821271087011,-0.029064473361871457,-0.5357742421243643,0.48582444053470347,504,0.03429418547191565,-0.029140446122916996,-0.5366043486393742,0.4855684142021125,504,0.9189143559383641,0.5752645670668235,0.34364978887154063,0.4308757517371644,0.5395202839516975,635,0.15022681633941493,0.7686875395989492,0.6385147609793855,0.7604740747934308,635,0.15024729803993409,0.76866705789843,0.6384155700332258,0.7602641630853495,635,2.09155513186248,1.0276494280746666,1.0639057037878135,0.5166902979841749,1.1737644230656221,509,0.1574845953298054,1.9340705365326747,0.6965815109495479,1.664640495881284,509,0.15617749953967963,1.9353776323228005,0.6970401576675939,1.6642885214652006,509,1.8725241157540697,0.8611925840164973,1.0113315317375724,,,0,0.1375379312205689,1.7349861845335008,,,0,0.13745380769509463,1.735070308058975,,,0
2026-10-07,2026-10-10T22:41:07.402161+00:00,JNJ,Johnson & Johnson,ヘルスケア,医薬品・医療機器,XLV,622838292394.65,258.45001220703125,2026-10-07,0.014404637119546981,0.010293861143098715,0.0041107759764482665,0.354625808885609,0.009697573852557108,252,-0.0021946936299741537,0.016599330749521135,1.0395617961806158,0.015278224436006843,252,-0.0031750063500126657,0.017579643469559647,1.1033571356846632,0.015282884653178494,252,-0.023759077809798246,0.0023156358739371274,-0.026074713683735373,-1.2819281759103707,0.023086382745433346,252,0.019633953387396375,-0.04339303119719462,-1.2335984496355519,0.038763089886523716,252,0.017302831961635734,-0.04106190977143398,-1.1692501436283214,0.03890533932669001,252,-0.03231232139851592,0.017265351553718,-0.04957767295223392,-1.4205995590976856,0.04704984436632238,252,0.02166086449714877,-0.05397318589566469,-1.0473670922234826,0.07336150521826572,252,0.026852003270645852,-0.05916432466916177,-1.1181974566266577,0.07332972181267972,252,0.023142233960838032,0.07054179528965299,-0.047399561328814954,-1.4288471532348923,0.07120756035059576,504,0.03422510782385091,-0.011082873863012876,-0.3485364308597965,0.12336579455501573,504,0.0339535649596574,-0.010811330998819368,-0.34714544332998337,0.12356299329542252,504,0.0024109545327519744,0.044928558360542326,-0.04251760382779035,-1.3796587808321865,0.07247588509125176,504,0.03421821271087011,-0.031807258178118136,-0.5281223243050741,0.12491966701455541,504,0.03429418547191565,-0.031883230939163676,-0.5294548979066988,0.1251074762870925,504,0.08254600384948585,0.1371911231280718,-0.05464511927858595,-1.119394888267499,0.11832820748094297,635,0.15022681633941493,-0.06768081248992908,-0.5826532955530076,0.15165839426284283,635,0.15024729803993409,-0.06770129419044824,-0.5827472757347963,0.1519933424821568,635,0.4045194636851792,0.19088855717547815,0.21363090650970107,0.026157717657467758,0.19709214473487704,509,0.1574845953298054,0.2470348683553738,0.6357042699626212,0.2531848118081051,509,0.15617749953967963,0.24834196414549958,0.6379375134416861,0.2531106952507749,509,0.2664915977382609,0.09898473022496779,0.16750686751329313,,,0,0.1375379312205689,0.12895366651769202,,,0,0.13745380769509463,0.1290377900431663,,,0
2026-10-07,2026-10-10T22:41:07.402161+00:00,JPM,JPMorgan Chase & Co.,金融,銀行・融資・投資銀行,XLF,876085006148.1,329.5799865722656,2026-10-07,-0.005131647589034838,-0.004813892420165944,-0.000317755168868894,-0.07158894571543578,0.009066139677112133,252,-0.0021946936299741537,-0.002936953959060684,-0.21694130571646245,0.012711742903158182,252,-0.0031750063500126657,-0.001956641239022172,-0.1405057663631833,0.012653435873680268,252,0.0011917319114007618,0.006554278354308218,-0.0053625464429074565,-0.4060539185654608,0.017025639831848,252,0.019633953387396375,-0.018442221475995613,-0.6348332759996128,0.02752122669888218,252,0.017302831961635734,-0.016111100050234972,-0.5538811313050397,0.02734048093972916,252,-0.06621115430301905,-0.054675269042282926,-0.011535885260736123,-0.7612916579255147,0.02420145586627401,252,0.02166086449714877,-0.08787201880016782,-1.6337796741269772,0.05306867756760584,252,0.026852003270645852,-0.0930631575736649,-1.7609462341179083,0.052166958301969234,252,-0.03402187272446089,-0.03986777248756279,0.005845899763101903,-0.6263220893754934,0.046149830345950445,504,0.03422510782385091,-0.0682469805483118,-1.5954298127784794,0.062015027103059575,504,0.0339535649596574,-0.06797543768411829,-1.5864992711675607,0.06229910170086609,504,-0.01265611585035109,-0.028803916920794315,0.016147801070443224,-0.4230633185763711,0.04726809657600215,504,0.03421821271087011,-0.0468743285612212,-1.2388643984482675,0.06383512755645848,504,0.03429418547191565,-0.04695030132226674,-1.2384941722441196,0.06406890711978601,504,0.08035317001106002,0.057210548335533185,0.02314262167552683,-0.9751154688835261,0.05284515165289622,635,0.15022681633941493,-0.06987364632835491,-1.6686725195728476,0.08285081966751544,635,0.15024729803993409,-0.06989412802887407,-1.6720450162351497,0.08280897206990998,635,0.0865114324039391,0.01671475113967169,0.06979668126426741,-1.4974342800630995,0.06494808858669364,509,0.1574845953298054,-0.0709731629258663,-1.7597884329033677,0.13335885661338437,509,0.15617749953967963,-0.06966606713574053,-1.7531254817590247,0.13357014893241909,509,0.032099049303221605,-0.009513429827154973,0.04161247913037658,,,0,0.1375379312205689,-0.1054388819173473,,,0,0.13745380769509463,-0.10535475839187303,,,0
2026-10-07,2026-10-10T22:41:07.402161+00:00,KO,The Coca-Cola Company,生活必需品,ディフェンシブ・飲料,XLP,369244776034.26,85.81999969482422,2026-10-07,-0.004061720802580049,-0.0012225684570249529,-0.002839152345555096,-0.43718572178843695,0.008454219878794808,252,-0.0021946936299741537,-0.0018670271726058951,-0.15714724890227535,0.015418649506980135,252,-0.0031750063500126657,-0.0008867144525673831,-0.09321316513927781,0.015482544240072837,252,-0.003020470849207979,0.013647624006770664,-0.016668094855978643,-1.2840973015911863,0.016575043076339658,252,0.019633953387396375,-0.022654424236604354,-0.7861550752039845,0.032682415352316405,252,0.017302831961635734,-0.020323302810843713,-0.7072304107486345,0.033037935519424994,252,-0.013910934985844614,-0.009785465794422743,-0.004125469191421871,-0.8341060340717966,0.027418384290437824,252,0.02166086449714877,-0.03557179948299338,-0.9491397478712821,0.050787915316629836,252,0.026852003270645852,-0.040762938256490466,-1.028010285719331,0.051911456436137246,252,0.03914412266790479,-0.014177380430164588,0.05332150309806938,0.4469492186749944,0.0622544591631653,504,0.03422510782385091,0.004919014844053882,0.0628046619486716,0.1195099638976172,504,0.0339535649596574,0.00519055770824739,0.06357844067846309,0.11967777816756296,504,0.044803406204676044,-0.011570677255121842,0.056374083459797886,0.4668559367341731,0.0633737042052027,504,0.03421821271087011,0.010585193493805933,0.10606838596935102,0.12204506504884963,504,0.03429418547191565,0.010509220732760394,0.10375918710307905,0.12219854674512273,504,0.12420078108205157,0.0003374133696778525,0.12386336771237372,1.3036683261069852,0.06170950713253556,635,0.15022681633941493,-0.026026035257363356,-0.15459399657528144,0.1165747884578441,635,0.15024729803993409,-0.026046516957882515,-0.15610720116796384,0.1167864477550926,635,0.3328505641029895,0.08368337601850384,0.24916718808448568,1.9542404555831094,0.08677566084915532,509,0.1574845953298054,0.1753659687731841,1.6513786485119981,0.12495382969895813,509,0.15617749953967963,0.1766730645633099,1.6509013649128779,0.12530380821585985,509,0.26572524737602166,0.07187583892147198,0.19384940845454968,,,0,0.1375379312205689,0.12818731615545276,,,0,0.13745380769509463,0.12827143968092702,,,0
2026-10-07,2026-10-10T22:41:07.402161+00:00,LIN,Linde plc,素材,産業ガス・製造業・半導体,XLB,223105179288.74,483.9800109863281,2026-10-07,-0.012184919016147489,-0.015081439913608219,0.0028965208974607304,0.2809450125445262,0.011087010493351626,252,-0.0021946936299741537,-0.009990225386173335,-0.6838433275361302,0.0141433432820594,252,-0.0031750063500126657,-0.009009912666134823,-0.6150066456900115,0.01413319611197524,252,0.019656625323539956,0.005749461497133179,0.013907163826406777,0.582177308779612,0.02648482220042116,252,0.019633953387396375,2.2671936143581206e-05,0.06201402531525908,0.032578042457932985,252,0.017302831961635734,0.0023537933619042217,0.13323331654292492,0.03263680327108897,252,0.037137077716726585,-0.04251011270207883,0.07964719041880541,1.7431494052901095,0.05105898000940677,252,0.02166086449714877,0.015476213219577817,0.4100375498079248,0.06415998268960472,252,0.026852003270645852,0.010285074446080733,0.3341786774841783,0.06328147634218712,252,-0.07074320588515859,-0.028329231672690525,-0.042413974212468064,-0.5187552847755289,0.06733201690335011,504,0.03422510782385091,-0.1049683137090095,-0.7176913167686615,0.10816817361861975,504,0.0339535649596574,-0.10469677084481599,-0.7171340764130599,0.10810839683831211,504,-0.07608292025492303,-0.02098276462329174,-0.05510015563163129,-0.6958837030597089,0.06877004868073551,504,0.03421821271087011,-0.11030113296579314,-0.7470167840488015,0.11026855450912108,504,0.03429418547191565,-0.11037710572683868,-0.7496309480850074,0.11023872796610698,504,-0.026715725729366868,-0.045615699820656386,0.018899974091289518,0.3637640293728714,0.07344058221996086,635,0.15022681633941493,-0.1769425420687818,-1.1927254674378316,0.10671932520192469,635,0.15024729803993409,-0.17696302376930095,-1.1962081641571327,0.1065837066675862,635,0.04694383149037806,0.11082894914310493,-0.06388511765272686,-0.4733408918780064,0.08130489509405786,509,0.1574845953298054,-0.11054076383942735,0.22898668036556916,0.06214960172954098,509,0.15617749953967963,-0.10923366804930157,0.23636495026355991,0.062401690975434,509,0.13897490759462783,0.0756512161863403,0.06332369140828753,,,0,0.1375379312205689,0.0014369763740589292,,,0,0.13745380769509463,0.001521099899533196,,,0
2026-10-07,2026-10-10T22:41:07.402161+00:00,LLY,Eli Lilly and Company,ヘルスケア,医薬品・肥満症治療薬,XLV,1060030844140.32,1188.719970703125,2026-10-07,0.02698077800433185,0.010293861143098715,0.016686916861233136,0.9868047470540086,0.016050927456218726,252,-0.0021946936299741537,0.029175471634306005,1.272608495311607,0.022224258268011783,252,-0.0031750063500126657,0.030155784354344517,1.3141934639207895,0.02226658561012219,252,0.027344708965766573,0.0023156358739371274,0.025029073091829446,0.5908001037910954,0.034377110621913204,252,0.019633953387396375,0.007710755578370199,0.041483249806012264,0.0503094012004008,252,0.017302831961635734,0.01004187700413084,0.08743904868136859,0.05049244605958513,252,0.0573825281816831,0.017265351553718,0.0401171766279651,0.2715355766516818,0.07239617018873035,252,0.02166086449714877,0.03572166368453433,0.10166592366419147,0.09502394934510734,252,0.026852003270645852,0.03053052491103725,0.0471307767867945,0.09547934200746182,252,0.03286940801845728,0.07054179528965299,-0.037672387271195706,-0.5518617493358406,0.12164087168586371,504,0.03422510782385091,-0.0013556998053936287,-0.047414263795949096,0.17677587706530848,504,0.0339535649596574,-0.0010841569412001206,-0.046776327163621165,0.17698171131110801,504,-0.02179761323694085,0.044928558360542326,-0.06672617159748317,-0.7817349121355703,0.12484195846764484,504,0.03421821271087011,-0.05601582594781096,-0.34802101348370723,0.1826734266059655,504,0.03429418547191565,-0.0560917987088565,-0.3491233334794923,0.18285827995940615,504,0.25088909778444246,0.1371911231280718,0.11369797465637066,0.1384261442868173,0.1348690126744727,635,0.15022681633941493,0.10066228144502753,0.3405408736453894,0.18429836076051243,635,0.15024729803993409,0.10064179974450838,0.3396780101612295,0.18414992983893072,635,0.4155577421592982,0.19088855717547815,0.22466918498382005,0.4136945665009896,0.16069609708381868,509,0.1574845953298054,0.2580731468294928,0.9341609517280047,0.2379400328090627,509,0.15617749953967963,0.25938024261961856,0.9374839065255327,0.2376493372846177,509,0.10561552667546037,0.09898473022496779,0.006630796450492582,,,0,0.1375379312205689,-0.03192240454510853,,,0,0.13745380769509463,-0.03183828101963426,,,0
2026-10-07,2026-10-10T22:41:07.402161+00:00,MCD,McDonald's Corporation,一般消費財,外食・消費・フランチャイズ,XLY,163380276677.28,230.8800048828125,2026-10-07,-0.0067541066295615515,-0.0032223469962230356,-0.003531759633338516,-0.18707866660473654,0.015078540469574317,252,-0.0021946936299741537,-0.004559412999587398,-0.21227868007820938,0.014465678937485705,252,-0.0031750063500126657,-0.0035791002795488858,-0.1438032380330823,0.014540241660061409,252,-0.0002597971679201283,0.02315329251424858,-0.02341308968216871,-0.6663722819072584,0.030395347837809814,252,0.019633953387396375,-0.019893750555316503,-0.42475813765007153,0.02946807873973968,252,0.017302831961635734,-0.017562629129555862,-0.33656372434492593,0.030272995920728605,252,-0.08915887338509687,-0.00760030467849282,-0.08155856870660405,-1.1737249336261653,0.06059586587335021,252,0.02166086449714877,-0.11081973788224564,-1.3848120830380184,0.0604823191770359,252,0.026852003270645852,-0.11601087665574272,-1.448855851817244,0.061370721124176554,252,-0.13541656071948016,-0.03705549464106406,-0.0983610660784161,-0.5417307577576003,0.1258664193665588,504,0.03422510782385091,-0.16964166854333107,-1.1317848488939974,0.11426987818198694,504,0.0339535649596574,-0.16937012567913756,-1.1272676984548975,0.11463627792297387,504,-0.1590253578196995,-0.04488432712640045,-0.11414103069329906,-0.6492921818633379,0.12848785097771762,504,0.03421821271087011,-0.19324357053056962,-1.298200837028477,0.11710870201690199,504,0.03429418547191565,-0.19331954329161516,-1.2962194047850832,0.117492853146043,504,-0.23749049064828076,0.00909271600325079,-0.24658320665153155,-1.784541778205151,0.10400162677014345,635,0.15022681633941493,-0.3877173069876957,-2.2629111857489113,0.1319928066270282,635,0.15024729803993409,-0.38773778868821485,-2.250073310015264,0.1328389791879481,635,-0.20004593234411028,-0.06399026038465327,-0.136055671959457,-0.27530497794113296,0.11722893453366623,509,0.1574845953298054,-0.3575305276739157,-1.5401321031041402,0.14622365725908223,509,0.15617749953967963,-0.3562234318837899,-1.529413293758242,0.14690967320429557,509,-0.22374929408210975,-0.05321249334318423,-0.17053680073892552,,,0,0.1375379312205689,-0.36128722530267865,,,0,0.13745380769509463,-0.3612031017772044,,,0
2026-10-07,2026-10-10T22:41:07.402161+00:00,META,"Meta Platforms, Inc.",コミュニケーション・サービス,SNS・デジタル広告・AI,XLC,1837541715154.7495,721.3099975585938,2026-10-07,-0.02377924318984026,-0.0034930531510833918,-0.02028619003875687,-1.0006842499893165,0.02085003112818049,252,-0.0021946936299741537,-0.021584549559866106,-0.9031799891916807,0.02376045881400152,252,-0.0031750063500126657,-0.020604236839827594,-0.8641494331506341,0.023699777781911714,252,-0.005336599404663578,0.0026133271364985333,-0.007949926541162111,-0.2253113653156674,0.04673654271421438,252,0.019633953387396375,-0.024970552792059952,-0.46531253540783235,0.05136664612236183,252,0.017302831961635734,-0.022639431366299312,-0.4204501186210531,0.05131055836513805,252,0.10431438780572377,0.007188346204511031,0.09712604160121274,0.979652966907676,0.09585773195845941,252,0.02166086449714877,0.082653523308575,0.8822802070812077,0.10634539727046247,252,0.026852003270645852,0.07746238453507792,0.8394431918887985,0.10562448770586556,252,0.09203573334092296,0.001585372185746392,0.09045036115517657,0.8924147282317307,0.10264927998547639,504,0.03422510782385091,0.057810625517072056,0.5165023825045304,0.12339022526495183,504,0.0339535649596574,0.058082168381265564,0.5170563438362377,0.12345751043527452,504,0.14315464418728974,0.010104808513238028,0.1330498356740517,1.2758122367437092,0.10521349273796908,504,0.03421821271087011,0.10893643147641963,0.9092058426976094,0.12656721868551465,504,0.03429418547191565,0.10886045871537409,0.9067606461163009,0.1266152804764821,504,0.17982481843059372,-0.01663220659160025,0.19645702502219398,1.1308344300394526,0.1498557530786529,635,0.15022681633941493,0.0295980020911788,0.006932660778835962,0.1818510032016003,635,0.15024729803993409,0.02957752039065964,0.005785900693129137,0.1816948349901814,635,0.011313622977074278,-0.03323570053642133,0.04454932351349561,0.05399248244841393,0.22439994027067842,509,0.1574845953298054,-0.14617097235273113,-0.7051961763367561,0.3006876766719425,509,0.15617749953967963,-0.14486387656260535,-0.7032533422086273,0.300781589744944,509,0.11186321814921762,-0.0395703898022538,0.15143360795147143,,,0,0.1375379312205689,-0.025674713071351274,,,0,0.13745380769509463,-0.025590589545877007,,,0
2026-10-07,2026-10-10T22:41:07.402161+00:00,MSFT,Microsoft Corporation,情報技術,クラウド・AI・企業向けソフトウェア,XLK,3933756979312.16,529.760009765625,2026-10-07,0.0008691138924343811,-0.003019805001740372,0.0038889188941747532,0.23756461162083412,0.021491771232296605,252,-0.0021946936299741537,0.003063807522408535,0.17774711953700267,0.018955487575070814,252,-0.0031750063500126657,0.004044120242447047,0.22760526256207378,0.019108102623446317,252,0.03287187473001851,0.02881225741838289,0.0040596173116356216,0.21424777576585893,0.046836479250885105,252,0.019633953387396375,0.013237921342622139,0.3238332607533495,0.045257885741733936,252,0.017302831961635734,0.01556904276838278,0.371789863907265,0.045681779829917175,252,0.07751452525628344,0.07321569478226198,0.0042988304740214645,0.30622611749804557,0.09531748256545214,252,0.02166086449714877,0.05585366075913467,0.7189707805801507,0.0883551003415478,252,0.026852003270645852,0.05066252198563759,0.6548621148534541,0.08912418677537172,252,0.37884106084933333,0.09805591540482772,0.2807851454445056,2.4180074840493213,0.1363497196857115,504,0.03422510782385091,0.3446159530254824,2.9580234790891247,0.12180262622034707,504,0.0339535649596574,0.34488749588967593,2.9605263561386397,0.12173449193076358,504,0.3808858978527081,0.08780691965895482,0.2930789781937533,2.5263263043431214,0.13690339931817175,504,0.03421821271087011,0.346667685141838,2.950655852084711,0.12367685234096273,504,0.03429418547191565,0.34659171238079245,2.951819317860032,0.12353802440789004,504,0.4209570665601008,0.4246978009107585,-0.003740734350657693,0.6325953179712932,0.1509827157621952,635,0.15022681633941493,0.27073025022068586,2.181726307690214,0.14711255010511218,635,0.15024729803993409,0.2707097685201667,2.1841252472941433,0.1468550753246897,635,0.010497565609784987,0.4076703842498024,-0.3971728186400174,-0.8834681663596423,0.21814142798472494,509,0.1574845953298054,-0.14698702972002042,-0.19670147955902154,0.13858117239278214,509,0.15617749953967963,-0.14567993392989464,-0.1922941305188342,0.13906290316221703,509,0.12724849996103793,0.40066822627874177,-0.27341972631770384,,,0,0.1375379312205689,-0.010289431259530968,,,0,0.13745380769509463,-0.010205307734056701,,,0
2026-10-07,2026-10-10T22:41:07.402161+00:00,NEE,"NextEra Energy, Inc.",公益,電力・再生可能エネルギー,XLU,160745480785.54,77.05999755859375,2026-10-07,-0.010529015456381963,-0.00024291354641081675,-0.010286101909971146,-1.1877454859969336,0.00885825844417095,252,-0.0021946936299741537,-0.008334321826407809,-0.5331242222483827,0.01460425660322295,252,-0.0031750063500126657,-0.007354009106369297,-0.46240522798227146,0.01471882481524564,252,0.01742803976834595,0.04335707298965019,-0.025929033221304243,-1.4733348086237659,0.018754282274071152,252,0.019633953387396375,-0.002205913619050426,0.004282405972670958,0.03285983256627882,252,0.017302831961635734,0.0001252078067102147,0.07440478759980355,0.03317976187203901,252,-0.06763465050312001,-0.03463957783839511,-0.0329950726647249,-1.0670898508062088,0.041327432201146354,252,0.02166086449714877,-0.08929551500026878,-1.1436610481032952,0.07626903948642104,252,0.026852003270645852,-0.09448665377376586,-1.2165650509450034,0.07594054390235343,252,-0.132907319005363,-0.0927429111669511,-0.04016440783841191,-0.507925629228477,0.06618635824056218,504,0.03422510782385091,-0.16713242682921392,-1.3445921860725187,0.10795306965165016,504,0.0339535649596574,-0.1668608839650204,-1.3452040305914104,0.10782729383788131,504,-0.10861675086809275,-0.08148520908822687,-0.027131541779865875,-0.30038073063256804,0.06699544467359883,504,0.03421821271087011,-0.14283496357896286,-1.1024619936476185,0.10938923145417737,504,0.03429418547191565,-0.1429109363400084,-1.1052971963956153,0.10934920650888663,504,-0.16950041959090745,-0.10822427007697533,-0.06127614951393212,-0.697200374013333,0.11620554018611294,635,0.15022681633941493,-0.3197272359303224,-2.1559877574272663,0.15443912092346015,635,0.15024729803993409,-0.31974771763084153,-2.1591191979542796,0.15431213679183103,635,-0.03453150143882455,-0.057064538283802535,0.022533036844977983,0.14878268457103136,0.14773310628063072,509,0.1574845953298054,-0.19201609676862996,-1.4542965395655068,0.13476438649293956,509,0.15617749953967963,-0.19070900097850418,-1.4538728336999156,0.13444727407019932,509,-0.027042783246507662,-0.0271206422691036,7.785902259593858e-05,,,0,0.1375379312205689,-0.16458071446707656,,,0,0.13745380769509463,-0.1644965909416023,,,0
2026-10-07,2026-10-10T22:41:07.402161+00:00,NFLX,"Netflix, Inc.",コミュニケーション・サービス,動画配信・コンテンツ・広告,XLC,290226595417.2,69.69999694824219,2026-10-07,0.014703660954117348,-0.0034930531510833918,0.01819671410520074,0.9479795668161339,0.02101495891899123,252,-0.0021946936299741537,0.0168983545840915,0.8244715122912992,0.02344056549135668,252,-0.0031750063500126657,0.017878667304130014,0.8625860965575599,0.02354072243854136,252,0.0017245632944773437,0.0026133271364985333,-0.0008887638420211896,0.1463607788280514,0.05284628072592392,252,0.019633953387396375,-0.01790939009291903,-0.0975262646314313,0.057796197871509164,252,0.017302831961635734,-0.01557826866715839,-0.056786449343021954,0.0582644862485247,252,-0.0832566346532464,0.007188346204511031,-0.09044498085775743,-0.5657925416330017,0.10203809982654738,252,0.02166086449714877,-0.10491749915039517,-0.523138295571425,0.11051239934431342,252,0.026852003270645852,-0.11010863792389225,-0.568796258496614,0.11071442421830496,252,-0.05208760906620691,0.001585372185746392,-0.0536729812519533,-0.29811025890754983,0.1606216812439884,504,0.03422510782385091,-0.08631271689005782,-0.39647848699347066,0.19107557519851598,504,0.0339535649596574,-0.08604117402586431,-0.3958365068553333,0.19112489628475646,504,-0.07645427559471263,0.010104808513238028,-0.08655908410795066,-0.4882010574170007,0.1646125330704512,504,0.03421821271087011,-0.11067248830558274,-0.5069396904247669,0.19631727673263574,504,0.03429418547191565,-0.11074846106662828,-0.5081497190182107,0.19637307066601753,504,-0.2987222318516132,-0.01663220659160025,-0.2820900252600129,-1.3506020693338177,0.23987247118103494,635,0.15022681633941493,-0.4489490481910281,-1.6895944950176491,0.29129687105871216,635,0.15024729803993409,-0.44896952989154726,-1.6895079691764041,0.2914357563181376,635,-0.40084761430499494,-0.03323570053642133,-0.3676119137685736,-1.2188425092564592,0.4159320760401517,509,0.1574845953298054,-0.5583322096348003,-1.4247497698412541,0.5131535518827383,509,0.15617749953967963,-0.5570251138446746,-1.4224504182596533,0.5136187904773141,509,-0.23398177179213464,-0.0395703898022538,-0.19441138198988084,,,0,0.1375379312205689,-0.37151970301270354,,,0,0.13745380769509463,-0.3714355794872293,,,0
2026-10-07,2026-10-10T22:41:07.402161+00:00,NVDA,NVIDIA Corporation,情報技術,AI半導体・GPU・データセンター,SOXX,5734188090000.0,237.47000122070312,2026-10-07,-0.00739844604505957,-0.011247781398779355,0.003849335353719785,0.24468376727347116,0.024484994103580685,252,-0.0021946936299741537,-0.005203752415085416,-0.2997471780055655,0.0194192158004161,252,-0.0031750063500126657,-0.004223439695046904,-0.24705471777863927,0.01959498600147805,252,0.039802067359421045,0.0249366775297164,0.014865389829704645,0.51423000045281,0.050240987138275454,252,0.019633953387396375,0.02016811397202467,0.43751027954568744,0.039733173887371964,252,0.017302831961635734,0.02249923539778531,0.4966005186385877,0.0396932449047752,252,0.06288605839631911,0.09624258646914163,-0.03335652807282252,0.12270226749681624,0.10222768187276096,252,0.02166086449714877,0.04122519389917034,0.6356467100648122,0.05097236759499928,252,0.026852003270645852,0.03603405512567326,0.5314917641115805,0.051251472893512,252,0.12245377951737657,0.02690714131545624,0.09554663820192033,0.636604602803304,0.20961298665585562,504,0.03422510782385091,0.08822867169352566,0.28638470009674755,0.13321980610490547,504,0.0339535649596574,0.08850021455771917,0.28812658501185495,0.13277239882045275,504,0.17238252244748886,0.0025804396438349197,0.16980208280365394,0.97493885462522,0.21521411157150472,504,0.03421821271087011,0.13816430973661875,0.6230376574205942,0.138227183400033,504,0.03429418547191565,0.1380883369755732,0.6226348576393147,0.13788954841544343,504,0.3071880064326129,0.5752645670668235,-0.2680765606342106,-0.762568190134632,0.46554302020177674,635,0.15022681633941493,0.15696119009319798,-0.27139568081419135,0.37546870262181514,635,0.15024729803993409,0.15694070839267882,-0.2724329983827618,0.37480785302956054,635,0.2829521189050366,1.0276494280746666,-0.7446973091696301,-1.0874514594239053,0.8339156251318425,509,0.1574845953298054,0.12546752357523117,-0.6663660855511082,0.5308758488236394,509,0.15617749953967963,0.12677461936535694,-0.6659131872886409,0.5304588142109246,509,0.26039537622794295,0.8611925840164973,-0.6007972077885544,,,0,0.1375379312205689,0.12285744500737406,,,0,0.13745380769509463,0.12294156853284832,,,0
2026-10-07,2026-10-10T22:41:07.402161+00:00,PEP,"PepsiCo, Inc.",生活必需品,ディフェンシブ・食品・飲料,XLP,168878032471.34,123.7300033569336,2026-10-07,-0.015750503078188482,-0.0012225684570249529,-0.01452793462116353,-1.4952539441270698,0.009332009909132938,252,-0.0021946936299741537,-0.013555809448214329,-0.7668467118178928,0.016536106316664443,252,-0.0031750063500126657,-0.012575496728175817,-0.704040897072422,0.016619542138923964,252,-0.023595311197653568,0.013647624006770664,-0.03724293520442423,-1.5592632126868933,0.022313008779114324,252,0.019633953387396375,-0.04322926458504994,-1.0175074849941599,0.038526824561806915,252,0.017302831961635734,-0.0408981431592893,-0.9430431721170078,0.03910035029516338,252,-0.09481307230225644,-0.009785465794422743,-0.0850276065078337,-1.8382989059352322,0.042140401438201656,252,0.02166086449714877,-0.11647393679940521,-1.4804077102600977,0.06944144001981492,252,0.026852003270645852,-0.12166507557290229,-1.5339746703714343,0.07038077441998587,252,-0.07676781673007116,-0.014177380430164588,-0.06259043629990657,-0.4474053405746253,0.07819306569874299,504,0.03422510782385091,-0.11099292455392207,-0.5228429133419603,0.10577325001108544,504,0.0339535649596574,-0.11072138168972856,-0.5208275753741446,0.10598450074791266,504,-0.09290737212415834,-0.011570677255121842,-0.0813366948690365,-0.6556820061154917,0.08004146114437077,504,0.03421821271087011,-0.12712558483502845,-0.6453725289220487,0.10710560132887777,504,0.03429418547191565,-0.127201557596074,-0.6467186517128722,0.10729381903144185,504,-0.18367267736496262,0.0003374133696778525,-0.18401009073464047,-1.3293716341841206,0.09573311818683662,635,0.15022681633941493,-0.33389949370437755,-2.2234709436272455,0.1015238740728945,635,0.15024729803993409,-0.3339199754048967,-2.2213669491590964,0.10171431929194064,635,-0.07842880202680969,0.08368337601850384,-0.16211217804531353,-0.43402394624977214,0.12138460787207596,509,0.1574845953298054,-0.2359133973566151,-0.15471895676827355,0.10288491747766619,509,0.15617749953967963,-0.23460630156648932,-0.14980689344704923,0.10279971199788009,509,-0.10358953558891604,0.07187583892147198,-0.17546537451038802,,,0,0.1375379312205689,-0.24112746680948494,,,0,0.13745380769509463,-0.24104334328401067,,,0
2026-10-07,2026-10-10T22:41:07.402161+00:00,PG,The Procter & Gamble Company,生活必需品,ディフェンシブ・日用品,XLP,343337421159.84,147.82000732421875,2026-10-07,-0.003975448577131613,-0.0012225684570249529,-0.00275288012010666,-0.27865785438538415,0.009000285887667221,252,-0.0021946936299741537,-0.001780754947157459,-0.08191141402800133,0.01507646401796375,252,-0.0031750063500126657,-0.0008004422271189471,-0.0168259266485516,0.015161904173128233,252,0.017483539140033644,0.013647624006770664,0.0038359151332629793,0.27343586265244224,0.019457235407858008,252,0.019633953387396375,-0.002150414247362731,0.030390556183890215,0.029970736040671457,252,0.017302831961635734,0.00018070717839790973,0.10680088320356466,0.030325978885414218,252,0.03631525488457221,-0.009785465794422743,0.046100720678994955,1.6954931220692937,0.03162167558496725,252,0.02166086449714877,0.014654390387423444,0.5154793877918655,0.05486028108005799,252,0.026852003270645852,0.00946325161392636,0.41675365835804584,0.055473207294295716,252,0.019465276837972834,-0.014177380430164588,0.03364265726813742,1.7571840072804428,0.032364694317395505,504,0.03422510782385091,-0.014759830985878075,0.43757240054026997,0.08353343174750903,504,0.0339535649596574,-0.014488288121684567,0.4370223420206831,0.08387458573241184,504,0.014119745398423866,-0.011570677255121842,0.025690422653545708,1.5584826228015196,0.0321798790928522,504,0.03421821271087011,-0.020098467312446244,0.394719540904127,0.0848970266775443,504,0.03429418547191565,-0.020174440073491784,0.39013648312987464,0.0852127797374293,504,0.0355065055781949,0.0003374133696778525,0.03516909220851705,1.8191433183814754,0.0415035955649134,635,0.15022681633941493,-0.11472031076122002,-0.2583324801615717,0.08891450173393026,635,0.15024729803993409,-0.11474079246173918,-0.2597646097031481,0.08923058005293671,635,0.011680841465044889,0.08368337601850384,-0.07200253455345895,0.28365336604652996,0.05450332152796721,509,0.1574845953298054,-0.14580375386476052,0.5112931884645133,0.1021441928304392,509,0.15617749953967963,-0.14449665807463474,0.5130459330270837,0.10280516467968112,509,0.06573251417873349,0.07187583892147198,-0.006143324742738487,,,0,0.1375379312205689,-0.0718054170418354,,,0,0.13745380769509463,-0.07172129351636114,,,0
2026-10-07,2026-10-10T22:41:07.402161+00:00,PLD,"Prologis, Inc.",不動産,物流施設・倉庫・EC,XLRE,120977438255.6,127.30000305175781,2026-10-07,-0.010724197253417778,-0.012895347906900612,0.002171150653482834,0.1802020357043519,0.009250486029286874,252,-0.0021946936299741537,-0.008529503623443624,-0.6218271293290617,0.013637503189090657,252,-0.0031750063500126657,-0.007549190903405112,-0.5484190041039481,0.013676309545032237,252,-0.019562487351916014,-0.008310930184699084,-0.01125155716721693,-0.7135743123551122,0.01976353573727017,252,0.019633953387396375,-0.03919644073931239,-1.266046567061918,0.031090527000780094,252,0.017302831961635734,-0.03686531931355175,-1.1816935540692601,0.03133980113413955,252,-0.05417442361803071,-0.05755606448527939,0.003381640867248681,-0.2698389798458212,0.03317527342784931,252,0.02166086449714877,-0.07583528811517948,-1.7036059177385776,0.04664858964490771,252,0.026852003270645852,-0.08102642688867656,-1.7790424209335247,0.04757137570294711,252,-0.09951085133325877,-0.0802272833215586,-0.01928356801170017,-0.38974223579864375,0.07952875646958013,504,0.03422510782385091,-0.13373595915710967,-1.3058660471056027,0.09030818609766277,504,0.0339535649596574,-0.13346441629291617,-1.3034202257625445,0.09039851310733671,504,-0.09231257825423378,-0.07502847489373665,-0.017284103360497127,-0.36087084100444683,0.08153059914799313,504,0.03421821271087011,-0.1265307909651039,-1.1953495587859038,0.09251978811385467,504,0.03429418547191565,-0.12660676372614943,-1.197361784546964,0.09258637658342406,504,-0.05944300738940911,-0.027568576272292922,-0.031874431117116186,-0.2654984884221724,0.12087100173359418,635,0.15022681633941493,-0.20966982372882403,-1.3731764853711403,0.12008802831991519,635,0.15024729803993409,-0.2096903054293432,-1.3728965545276959,0.12026506961849928,635,0.12094787150137654,0.008196062386313319,0.11275180911506322,0.4736485325135452,0.19562319691605154,509,0.1574845953298054,-0.036536723828428874,0.23110611809310225,0.17305651088168214,509,0.15617749953967963,-0.035229628038303096,0.23458131521324563,0.172701564067262,509,0.009544329163369225,0.02890979029368168,-0.019365461130312456,,,0,0.1375379312205689,-0.12799360205719967,,,0,0.13745380769509463,-0.1279094785317254,,,0
2026-10-07,2026-10-10T22:41:07.402161+00:00,RTX,RTX Corporation,資本財・産業,防衛・航空宇宙,XLI,242946883037.44,180.25999450683594,2026-10-07,-0.016531174042691776,-0.021797444068374805,0.005266270025683029,0.3514914384778751,0.014845696915579904,252,-0.0021946936299741537,-0.014336480412717623,-0.8402318122344384,0.01698376508379866,252,-0.0031750063500126657,-0.01335616769267911,-0.7786355590376342,0.01706893316375946,252,-0.029033124518462516,0.00515032119029879,-0.034183445708761306,-0.9904968171892166,0.0353154622657499,252,0.019633953387396375,-0.04866707790585889,-1.2174240788434751,0.04010196692687335,252,0.017302831961635734,-0.04633595648009825,-1.1509418038690422,0.04039568812081493,252,-0.08752218819450952,-0.02036737330084859,-0.06715481489366093,-1.0887774429279564,0.06880063232481752,252,0.02166086449714877,-0.10918305269165829,-1.3363956940730504,0.08615712846709586,252,0.026852003270645852,-0.11437419146515537,-1.3987599381949527,0.0860052495332795,252,-0.06479751020499924,-0.067381013427535,0.0025835032225357546,-0.33890532283534097,0.09477836390878867,504,0.03422510782385091,-0.09902261802885015,-1.1916817670083422,0.11593177516585136,504,0.0339535649596574,-0.09875107516465664,-1.189275648041911,0.11607959792305585,504,-0.07346918351774645,-0.07077967224249226,-0.002689511275254186,-0.4061200074104294,0.09704975082104172,504,0.03421821271087011,-0.10768739622861656,-1.2660672715697818,0.11814076985241076,504,0.03429418547191565,-0.1077633689896621,-1.2666246337478322,0.11829871245645672,504,-0.10746912695080035,-0.010178737342719013,-0.09729038960808134,-1.7768372833238013,0.10643091731475988,635,0.15022681633941493,-0.2576959432902153,-3.0921575773942185,0.11548925602254517,635,0.15024729803993409,-0.25771642499073444,-3.0927355363303004,0.11553539478758479,635,0.08374147300902335,0.09429911131415047,-0.010557638305127126,-2.173627065873057,0.10922061249715705,509,0.1574845953298054,-0.07374312232078206,-2.539348680923818,0.1277837971404125,509,0.15617749953967963,-0.07243602653065628,-2.5305807646009533,0.12802178837605652,509,-0.026887066692169337,0.07088989236349175,-0.09777695905566108,,,0,0.1375379312205689,-0.16442499791273824,,,0,0.13745380769509463,-0.16434087438726397,,,0
2026-10-07,2026-10-10T22:41:07.402161+00:00,SHW,The Sherwin-Williams Company,素材,塗料・住宅・建設,XLB,76468817565.0,315.0,2026-10-07,-0.019180481977420505,-0.015081439913608219,-0.004099042063812286,-0.2567250373877205,0.013418255407105522,252,-0.0021946936299741537,-0.01698578834744635,-1.0146008736332524,0.01599789018273562,252,-0.0031750063500126657,-0.01600547562740784,-0.9465747270977765,0.016112464785184043,252,-0.025582297444017077,0.005749461497133179,-0.031331758941150256,-0.9064005108012537,0.031200307648135223,252,0.019633953387396375,-0.04521625083141345,-1.1683839309293855,0.035671957349424424,252,0.017302831961635734,-0.04288512940565281,-1.103014244853994,0.03567544838518056,252,-0.01758986524068573,-0.04251011270207883,0.024920247461393097,0.7338805079387174,0.05311118211730077,252,0.02166086449714877,-0.0392507297378345,-0.3377205157002804,0.07023016408020517,252,0.026852003270645852,-0.044441868511331584,-0.41278773883716785,0.06996053065122655,252,-0.038879497256148254,-0.028329231672690525,-0.01055026558345773,0.16049850262312418,0.07013177127519266,504,0.03422510782385091,-0.07310460507999916,-0.36029063243675025,0.08728085674873859,504,0.0339535649596574,-0.07283306221580566,-0.3583128308079794,0.0874747671448933,504,-0.04909769063081282,-0.02098276462329174,-0.02811492600752108,-0.08448222005922988,0.07273382500589436,504,0.03421821271087011,-0.08331590334168293,-0.45216756350803794,0.08992511433151838,504,0.03429418547191565,-0.08339187610272847,-0.453974158637534,0.09015297513430978,504,-0.056970496524139214,-0.045615699820656386,-0.011354796703482828,0.08817564507615079,0.11640921216265623,635,0.15022681633941493,-0.20719731286355414,-1.4526594836501552,0.09894778741093181,635,0.15024729803993409,-0.2072177945640733,-1.4523037861860875,0.09911623599941868,635,-0.05616320511244932,0.11082894914310493,-0.16699215425555425,-0.7484878069895142,0.18346127049388378,509,0.1574845953298054,-0.21364780044225473,-0.5556336435388274,0.15226248888869925,509,0.15617749953967963,-0.21234070465212895,-0.5521468847129588,0.15228560045494008,509,-0.032312500421878276,0.0756512161863403,-0.10796371660821857,,,0,0.1375379312205689,-0.16985043164244717,,,0,0.13745380769509463,-0.1697663081169729,,,0
2026-10-07,2026-10-10T22:41:07.402161+00:00,SLB,SLB,エネルギー,油田サービス・掘削・エネルギー設備,XLE,71179509358.76,47.959999084472656,2026-10-07,-0.040800018310546915,-0.006117637484681415,-0.0346823808258655,-1.7582571509901948,0.01985080384767095,252,-0.0021946936299741537,-0.03860532468057276,-1.796019742108498,0.02217486458554605,252,-0.0031750063500126657,-0.03762501196053425,-1.7406599512246872,0.022317209715836464,252,-0.015599386641794943,0.03024391236344015,-0.045843299005235094,-1.0521726419919861,0.04452842728697601,252,0.019633953387396375,-0.03523334002919132,-0.7793340963051291,0.05273008083122382,252,0.017302831961635734,-0.03290221860343068,-0.7311622217094854,0.05302015715555259,252,-0.15933392242156053,-0.02409101111316103,-0.1352429113083995,-1.57986225256866,0.08974402961567915,252,0.02166086449714877,-0.1809947869187093,-2.0765564176171636,0.10005493379489148,252,0.026852003270645852,-0.18618592569220638,-2.1016318773226605,0.10131669547275211,252,0.014069127456636688,0.11916795264110247,-0.10509882518446578,-0.8930117781547529,0.10089383925259587,504,0.03422510782385091,-0.02015598036721422,-0.0977729674785613,0.1639721021784219,504,0.0339535649596574,-0.019884437503020713,-0.09706242244445132,0.1641098066054284,504,0.020509003422144678,0.1626525577567517,-0.14214355433460701,-1.2482235129407724,0.10109258379241487,504,0.03421821271087011,-0.013709209288725432,-0.05034186236945773,0.1690043822152678,504,0.03429418547191565,-0.013785182049770972,-0.05189974015869625,0.16905472960543325,504,-0.06589031894098796,0.10587889854503141,-0.17176921748601937,-0.834640066843305,0.1425976263680225,635,0.15022681633941493,-0.21611713528040288,-0.6053399261430009,0.2528340372026711,635,0.15024729803993409,-0.21613761698092204,-0.6058238786351237,0.2529777809315888,635,0.42042532230202334,0.458679649613595,-0.038254327311571634,0.3747090849653227,0.17082483991014483,509,0.1574845953298054,0.26294072697221793,1.2359437612381352,0.3273465882818224,509,0.15617749953967963,0.2642478227623437,1.23859679831839,0.32706375125236975,509,0.21262152328343475,0.41545894831373653,-0.20283742503030178,,,0,0.1375379312205689,0.07508359206286586,,,0,0.13745380769509463,0.07516771558834012,,,0
2026-10-07,2026-10-10T22:41:07.402161+00:00,SO,The Southern Company,公益,電力・規制公益,XLU,98287011815.04,85.44000244140625,2026-10-07,0.0,-0.00024291354641081675,0.00024291354641081675,0.043698083121161316,0.00708565494390525,252,-0.0021946936299741537,0.0021946936299741537,0.2076731219987308,0.01466296190449948,252,-0.0031750063500126657,0.0031750063500126657,0.2740100848612802,0.014688964741125427,252,0.03076369972897197,0.04335707298965019,-0.01259337326067822,-0.8959952218188457,0.013630043488123396,252,0.019633953387396375,0.011129746341575597,0.4902146387620611,0.031740386678656786,252,0.017302831961635734,0.013460867767336238,0.5599681403965842,0.0319439891145159,252,-0.0328276433858139,-0.03463957783839511,0.0018119344525812098,0.19986211522041422,0.021668622900233542,252,0.02166086449714877,-0.05448850788296267,-0.627356990205757,0.06183896883920737,252,0.026852003270645852,-0.05967964665645975,-0.7200644191858409,0.06104424857234085,252,-0.10227691940671424,-0.0927429111669511,-0.009534008239763136,0.010919473221503547,0.044755401234760905,504,0.03422510782385091,-0.13650202723056515,-1.1011295400276138,0.10084771756498952,504,0.0339535649596574,-0.13623048436637164,-1.1005684245668992,0.10080541540264673,504,-0.09482496835789112,-0.08148520908822687,-0.013339759269664242,-0.06374823102830872,0.04524974521402881,504,0.03421821271087011,-0.12904318106876123,-1.012196242844649,0.10211253155202933,504,0.03429418547191565,-0.12911915382980677,-1.0146474504744738,0.10212790849241984,504,-0.10611531765583149,-0.10822427007697533,0.0021089524211438393,0.23150980831099918,0.053757798652933675,635,0.15022681633941493,-0.2563421339952464,-2.0512010859535477,0.11676322320487105,635,0.15024729803993409,-0.25636261569576557,-2.0510229028274405,0.11687548342468022,635,-0.07570198308896903,-0.057064538283802535,-0.018637444805166492,0.3344856267806466,0.05605095653304832,509,0.1574845953298054,-0.23318657841877444,-1.4833595961264854,0.13430274781544033,509,0.15617749953967963,-0.23187948262864866,-1.4732506192326222,0.13487259096758863,509,0.0041411842092167195,-0.0271206422691036,0.03126182647832032,,,0,0.1375379312205689,-0.13339674701135218,,,0,0.13745380769509463,-0.1333126234858779,,,0
2026-10-07,2026-10-10T22:41:07.402161+00:00,TJX,"The TJX Companies, Inc.",一般消費財,小売・衣料・ディスカウント,XLY,152676399666.80002,138.8000030517578,2026-10-07,0.012916910809520843,-0.0032223469962230356,0.01613925780574388,1.0192952552523662,0.01568167241124883,252,-0.0021946936299741537,0.015111604439494997,1.0471012445340635,0.01502660070308503,252,-0.0031750063500126657,0.01609191715953351,1.11799399209811,0.014950164145993263,252,0.049051512454982404,0.02315329251424858,0.025898219940733824,0.6619802668757164,0.038164838881428784,252,0.019633953387396375,0.02941755906758603,0.9193327662123473,0.03589797132587222,252,0.017302831961635734,0.03174868049334667,0.9881776972698804,0.035752876602551935,252,0.10053916927558437,-0.00760030467849282,0.10813947395407719,1.4607504584013937,0.07355744367548371,252,0.02166086449714877,0.0788783047784356,1.3172481639500486,0.0719798322035009,252,0.026852003270645852,0.07368716600493852,1.2507662789627132,0.0716797544792786,252,-0.07384633178821609,-0.03705549464106406,-0.03679083714715203,-0.380174383094242,0.09891163508205555,504,0.03422510782385091,-0.108071439612067,-1.082130398931966,0.09125228901921396,504,0.0339535649596574,-0.10779989674787349,-1.077565389521365,0.09154315203642903,504,-0.07728328185543987,-0.04488432712640045,-0.03239895472903942,-0.33565609055779155,0.10043324512671638,504,0.03421821271087011,-0.11150149456630998,-1.1128572244906338,0.09193945642533237,504,0.03429418547191565,-0.11157746732735552,-1.1118802204564506,0.09225938873736372,504,-0.1357708737472978,0.00909271600325079,-0.14486358975054858,-1.6732182544877228,0.11030247008384877,635,0.15022681633941493,-0.2859976900867127,-2.6675732773553054,0.1115818858916433,635,0.15024729803993409,-0.2860181717872319,-2.6557427842015002,0.1121578120664252,635,-0.018283774620483806,-0.06399026038465327,0.04570648576416947,-0.36245568379874915,0.10897036024443157,509,0.1574845953298054,-0.17576836995028922,-2.034140073516598,0.11426300922164628,509,0.15617749953967963,-0.17446127416016344,-2.019993362090812,0.11480672596895435,509,-0.09198247331142917,-0.05321249334318423,-0.03876997996824494,,,0,0.1375379312205689,-0.22952040453199807,,,0,0.13745380769509463,-0.2294362810065238,,,0
2026-10-07,2026-10-10T22:41:07.402161+00:00,TMO,Thermo Fisher Scientific Inc.,ヘルスケア,ライフサイエンス・分析機器,XLV,244794888169.16,662.0599975585938,2026-10-07,0.008346249240174686,0.010293861143098715,-0.001947611902924029,-0.13595393135770395,0.016156120908235955,252,-0.0021946936299741537,0.01054094287014884,0.5682093269536189,0.018034129019719913,252,-0.0031750063500126657,0.011521255590187351,0.6232615933567355,0.018013273769699578,252,-0.019243004917080198,0.0023156358739371274,-0.021558640791017325,-0.6431959647588055,0.0372992249495441,252,0.019633953387396375,-0.03887695830447657,-0.9494434915036558,0.0444615339615421,252,0.017302831961635734,-0.03654583687871593,-0.9041169629373889,0.04411564176498999,252,0.09390527897068424,0.017265351553718,0.07663992741696624,0.868845896984238,0.07618314746031414,252,0.02166086449714877,0.07224441447353547,0.6044790878282461,0.09296264830757105,252,0.026852003270645852,0.06705327570003838,0.5548557802984351,0.09197578296674463,252,0.24060041852800151,0.07054179528965299,0.17005862323834853,1.4332062949892015,0.11896117610754058,504,0.03422510782385091,0.2063753107041506,1.3712654817268233,0.16717634599780387,504,0.0339535649596574,0.2066468535683441,1.369751528096832,0.1674364230017229,504,0.26273066081197727,0.044928558360542326,0.21780210245143494,1.7883497708081812,0.12219739885342742,504,0.03421821271087011,0.22851244810110716,1.4716071540441773,0.1716156488560319,504,0.03429418547191565,0.22843647534006162,1.468180037310112,0.17183513533863523,504,0.31734728309952875,0.1371911231280718,0.18015615997145695,1.382336986080548,0.14010152611808016,635,0.15022681633941493,0.16712046676011383,1.401608021464085,0.1696331963679086,635,0.15024729803993409,0.16709998505959467,1.3998916947348379,0.169691560128206,635,0.22141099029835942,0.19088855717547815,0.030522433122881276,0.8628137838270109,0.09536448314923003,509,0.1574845953298054,0.06392639496855401,1.496252575281198,0.15911549945741402,509,0.15617749953967963,0.06523349075867979,1.5028457471061987,0.1587622135454798,509,0.12046599904720234,0.09898473022496779,0.021481268822234556,,,0,0.1375379312205689,-0.017071932173366555,,,0,0.13745380769509463,-0.01698780864789229,,,0
2026-10-07,2026-10-10T22:41:07.402161+00:00,TMUS,"T-Mobile US, Inc.",コミュニケーション・サービス,通信・無線ネットワーク,XLC,179833395919.45,167.64999389648438,2026-10-07,0.01036582472503289,-0.0034930531510833918,0.013858877876116282,0.7781079122761072,0.019056284082002856,252,-0.0021946936299741537,0.012560518355007044,0.6534054194336252,0.021781533832489625,252,-0.0031750063500126657,0.013540831075045556,0.6994042501703015,0.021749930236777664,252,0.028023007199644567,0.0026133271364985333,0.025409680063146034,0.7796934038591035,0.03936729528758198,252,0.019633953387396375,0.008389053812248193,0.3999665081086658,0.04331150238528304,252,0.017302831961635734,0.010720175238008833,0.451308815396266,0.04354261138060348,252,-0.05464081787248731,0.007188346204511031,-0.061829164076998344,-0.5923581092777367,0.06871429778891376,252,0.02166086449714877,-0.07630168236963608,-0.5207928174055064,0.07831203223960916,252,0.026852003270645852,-0.08149282114313317,-0.5829673844718307,0.07881234380364029,252,-0.09892812311731825,0.001585372185746392,-0.10051349530306464,-0.539607286962882,0.12174139443726094,504,0.03422510782385091,-0.13315323094116915,-0.6346256850016025,0.14743640188063867,504,0.0339535649596574,-0.13288168807697565,-0.6331438681351961,0.1476185565458964,504,-0.07087510562167787,0.010104808513238028,-0.0809799141349159,-0.3644738484541786,0.12366249532634467,504,0.03421821271087011,-0.10509331833254798,-0.4276818028957014,0.15017882904757002,504,0.03429418547191565,-0.10516929109359352,-0.4288193529605283,0.1504005197255429,504,-0.1421723956229759,-0.01663220659160025,-0.12554018903137565,-0.500241661520208,0.16573515006251868,635,0.15022681633941493,-0.2923992119623908,-1.2372088913473949,0.20296407696314428,635,0.15024729803993409,-0.29241969366291,-1.2355956981624425,0.20339857451952578,635,-0.23901319416148126,-0.03323570053642133,-0.20577749362505993,-0.48492980473964264,0.27069165390344985,509,0.1574845953298054,-0.39649778949128667,-1.0275006087412162,0.345913333330875,509,0.15617749953967963,-0.3951906937011609,-1.0245942278196922,0.34638885261605556,509,-0.14646934952945967,-0.0395703898022538,-0.10689895972720587,,,0,0.1375379312205689,-0.28400728075002857,,,0,0.13745380769509463,-0.2839231572245543,,,0
2026-10-07,2026-10-10T22:41:07.402161+00:00,TSLA,"Tesla, Inc.",一般消費財,EV・蓄電池・自動運転,XLY,1492178500927.14,377.80999755859375,2026-10-07,-0.007539127803944834,-0.0032223469962230356,-0.004316780807721798,-0.1970823243670791,0.02229708117007793,252,-0.0021946936299741537,-0.00534443417397068,-0.18894975595557878,0.02457924619168774,252,-0.0031750063500126657,-0.004364121453932168,-0.14908977660337555,0.024578621379624847,252,0.064823427068742,0.02315329251424858,0.04167013455449342,0.949014709950134,0.04475298477630953,252,0.019633953387396375,0.04518947368134563,1.0083096285664963,0.049795271707067344,252,0.017302831961635734,0.04752059510710627,1.0505208976616571,0.050010491012335734,252,0.027187950480891843,-0.00760030467849282,0.03478825515938466,0.3679674368032111,0.09362466443518022,252,0.02166086449714877,0.005527085983743074,0.23264296147212807,0.09377915368432263,252,0.026852003270645852,0.0003359472102459904,0.17797809143458607,0.09358667619551665,252,-0.04636780114290329,-0.03705549464106406,-0.00931230650183923,-0.31865460760101866,0.2243114650003979,504,0.03422510782385091,-0.0805929089667542,-0.4871115793338931,0.2722601834124322,504,0.0339535649596574,-0.08032136610256069,-0.4862730336069807,0.2725175675713102,504,-0.07069238985935111,-0.04488432712640045,-0.025808062732950665,-0.39747864758330786,0.22851974284701157,504,0.03421821271087011,-0.10491060257022122,-0.5727528493582715,0.27836819387098505,504,0.03429418547191565,-0.10498657533126676,-0.5732701817292729,0.278580820161245,504,0.10068462507966136,0.00909271600325079,0.09159190907641057,-0.03182629212332054,0.30791484064068636,635,0.15022681633941493,-0.049542191259753565,-0.32498195404859753,0.378151884184418,635,0.15024729803993409,-0.049562672960272725,-0.32491487825281684,0.37887455926042657,635,-0.16644236611452012,-0.06399026038465327,-0.10245210572986685,-1.365714571020415,0.2644068953699172,509,0.1574845953298054,-0.32392696144432553,-1.6366653984289279,0.33851414574961514,509,0.15617749953967963,-0.32261986565419976,-1.6326687477563995,0.3390254443162944,509,-0.1375579445251227,-0.05321249334318423,-0.08434545118193848,,,0,0.1375379312205689,-0.2750958757456916,,,0,0.13745380769509463,-0.27501175222021734,,,0
2026-10-07,2026-10-10T22:41:07.402161+00:00,TXN,Texas Instruments Incorporated,情報技術,アナログ半導体・産業機器・自動車,SOXX,263910316300.28003,288.9800109863281,2026-10-07,-0.02775628198721658,-0.011247781398779355,-0.016508500588437225,-0.6593194226850254,0.023583745992053845,252,-0.0021946936299741537,-0.025561588357242426,-1.1225860564492884,0.02437332743376712,252,-0.0031750063500126657,-0.024581275637203914,-1.0859952338185943,0.024292312991902484,252,0.03173985063612528,0.0249366775297164,0.006803173106408877,0.24154757029034013,0.05121801008410906,252,0.019633953387396375,0.012105897248728903,0.0800066335591954,0.04899387578729931,252,0.017302831961635734,0.014437018674489543,0.12755539244828967,0.04898145768906135,252,0.10470589484262383,0.09624258646914163,0.008463308373482192,0.3543547954658748,0.08985319358464375,252,0.02166086449714877,0.08304503034547506,0.426813045615189,0.12112272566405109,252,0.026852003270645852,0.07785389157197797,0.3831781741025136,0.12144762033588752,252,-0.04938762766959204,0.02690714131545624,-0.07629476898504828,-0.07768365519211123,0.12874629434009593,504,0.03422510782385091,-0.08361273549344295,-0.574944321153324,0.18313070806532025,504,0.0339535649596574,-0.08334119262924944,-0.5752205826930755,0.18286344431697688,504,-0.05856929091483731,0.0025804396438349197,-0.06114973055867223,0.05844680686584299,0.13408440140923272,504,0.03421821271087011,-0.09278750362570742,-0.6228429110303304,0.1860229148193259,504,0.03429418547191565,-0.09286347638675296,-0.6250971693958927,0.1857774449473992,504,0.3974890408137679,0.5752645670668235,-0.1777755262530556,-0.2994197931592964,0.20962684092090372,635,0.15022681633941493,0.24726222447435298,0.7827373104649338,0.2431739055729657,635,0.15024729803993409,0.24724174277383382,0.7829872036860633,0.24282880343711188,635,0.6306240148478737,1.0276494280746666,-0.39702541322679297,-0.22624932362410108,0.38283517588896426,509,0.1574845953298054,0.47313941951806826,2.145383831402381,0.21742911261826722,509,0.15617749953967963,0.47444651530819404,2.1525601839866932,0.21694494200862977,509,0.6552557704236275,0.8611925840164973,-0.20593681359286986,,,0,0.1375379312205689,0.5177178392030586,,,0,0.13745380769509463,0.5178019627285328,,,0
2026-10-07,2026-10-10T22:41:07.402161+00:00,UNH,UnitedHealth Group Incorporated,ヘルスケア,医療保険・医療サービス,XLV,337477710575.06,375.9800109863281,2026-10-07,-0.0009034766456030852,0.010293861143098715,-0.0111973377887018,-0.545375362242751,0.020237640416611438,252,-0.0021946936299741537,0.0012912169843710686,0.06442497316947976,0.021832185922790254,252,-0.0031750063500126657,0.0022715297044095806,0.10909662644503923,0.021873814698507903,252,0.024245463494671826,0.0023156358739371274,0.0219298276207347,0.47670518405124057,0.04806599370375478,252,0.019633953387396375,0.004611510107275452,0.0981079185569815,0.04780761204869382,252,0.017302831961635734,0.006942631533036092,0.14616458504715454,0.048016551331303316,252,-0.0375638809161839,0.017265351553718,-0.0548292324699019,-0.4428424870923453,0.11705890934181883,252,0.02166086449714877,-0.05922474541333267,-0.655650935751101,0.09431252731697956,252,0.026852003270645852,-0.06441588418682975,-0.7147266254625705,0.0937376283828165,252,-0.1102915646014836,0.07054179528965299,-0.18083335989113658,-0.7229451338201502,0.2095213995233009,504,0.03422510782385091,-0.1445166724253345,-0.41853520619342854,0.22154702560993628,504,0.0339535649596574,-0.144245129561141,-0.41802724268371866,0.221569498229102,504,-0.12366764205167435,0.044928558360542326,-0.16859620041221668,-0.6519579691307438,0.2135402381494595,504,0.03421821271087011,-0.15788585476254446,-0.4638264896812692,0.22680924001197292,504,0.03429418547191565,-0.15796182752359,-0.4649203698102636,0.22684752413596224,504,0.24340072631295406,0.1371911231280718,0.10620960318488226,0.7390858899350838,0.21685686096378054,635,0.15022681633941493,0.09317390997353914,0.8501079427216287,0.24040191036935926,635,0.15024729803993409,0.09315342827301998,0.8486244238591131,0.24057536486666004,635,0.07587419652932459,0.19088855717547815,-0.11501436064615356,0.23526861468936455,0.25709179920484626,509,0.1574845953298054,-0.08161039880048082,0.7054368353137852,0.3065913288073934,509,0.15617749953967963,-0.08030330301035504,0.7072510331328212,0.3065374925871643,509,0.13975497343063092,0.09898473022496779,0.04077024320566314,,,0,0.1375379312205689,0.0022170422100620257,,,0,0.13745380769509463,0.0023011657355362924,,,0
2026-10-07,2026-10-10T22:41:07.402161+00:00,UNP,Union Pacific Corporation,資本財・産業,鉄道・物流・貨物輸送,XLI,163180657790.64,274.67999267578125,2026-10-07,-0.006977306597693134,-0.021797444068374805,0.014820137470681671,1.0549733401036148,0.01378550739242597,252,-0.0021946936299741537,-0.00478261296771898,-0.3200334250846414,0.015451799445227633,252,-0.0031750063500126657,-0.003802300247680468,-0.2558560288897555,0.015498055365744251,252,0.009370476416471707,0.00515032119029879,0.004220155226172917,0.08763753757481858,0.029889849918269835,252,0.019633953387396375,-0.010263476970924668,-0.3405522606138443,0.032951695309330405,252,0.017302831961635734,-0.007932355545164027,-0.26621867103449554,0.03340772569644576,252,-0.03533046956387531,-0.02036737330084859,-0.01496309626302672,-0.44569619480941214,0.056970544559522024,252,0.02166086449714877,-0.05699133406102408,-1.0086276984288969,0.06506166149442634,252,0.026852003270645852,-0.06218247283452116,-1.0728988674324174,0.06597422931665824,252,-0.04282100386074106,-0.067381013427535,0.02456000956679394,0.5118760908530768,0.0792725077028521,504,0.03422510782385091,-0.07704611168459197,-0.7812614623575422,0.08378141308950215,504,0.0339535649596574,-0.07677456882039846,-0.7785317306333982,0.0839426873685004,504,-0.031873780123277906,-0.07077967224249226,0.03890589211921436,0.6855995361901444,0.0812602110666313,504,0.03421821271087011,-0.06609199283414802,-0.6340312012371935,0.08587645765907413,504,0.03429418547191565,-0.06616796559519356,-0.6358081254173857,0.08605466430845653,504,0.11351764423595267,-0.010178737342719013,0.12369638157867169,1.8721038092536173,0.09471464965257831,635,0.15022681633941493,-0.03670917210346225,0.0874446488864941,0.10652567527933093,635,0.15024729803993409,-0.03672965380398141,0.08534498545385871,0.10669235196414273,635,0.1813702453373538,0.09429911131415047,0.08707113402320332,1.7713554866707926,0.12788724838947313,509,0.1574845953298054,0.023885650007548387,1.145645084856003,0.1217227252282602,509,0.15617749953967963,0.025192745797674165,1.1512558163604332,0.12157956683616311,509,0.20235426334692708,0.07088989236349175,0.13146437098343533,,,0,0.1375379312205689,0.06481633212635818,,,0,0.13745380769509463,0.06490045565183244,,,0
2026-10-07,2026-10-10T22:41:07.402161+00:00,V,Visa Inc.,金融,決済・カードネットワーク,XLF,698563891873.9,372.1000061035156,2026-10-07,0.003939109101490201,-0.004813892420165944,0.008753001521656145,0.7793159204916184,0.010936580370176642,252,-0.0021946936299741537,0.006133802731464355,0.43197961885093344,0.014848812759100249,252,-0.0031750063500126657,0.007114115451502867,0.4992199710700166,0.014811518575670564,252,0.035538418747253164,0.006554278354308218,0.028984140392944946,1.3464437760110606,0.020688280399072514,252,0.019633953387396375,0.01590446535985679,0.5991724759913333,0.028869055802522702,252,0.017302831961635734,0.01823558678561743,0.6786380256727742,0.0289190362074566,252,0.012820140088960263,-0.054675269042282926,0.06749540913124319,1.9315122689013644,0.03316248884949089,252,0.02166086449714877,-0.008840724408188505,-0.09077448700868937,0.046537373453898474,252,0.026852003270645852,-0.014031863181685589,-0.20509118879419758,0.045760562809517145,252,0.04710766889339624,-0.03986777248756279,0.08697544138095903,1.4528592257303679,0.056136145288525625,504,0.03422510782385091,0.012882561069545329,0.12540050567180297,0.09188122172045686,504,0.0339535649596574,0.013154103933738837,0.12589689649651759,0.09233821981845898,504,0.07062393024078961,-0.028803916920794315,0.09942784716158393,1.632427277209756,0.0576691000139686,504,0.03421821271087011,0.0364057175299195,0.36811039980075366,0.09522942800324438,504,0.03429418547191565,0.03632974476887396,0.36383392640905543,0.09561791548310411,504,0.20910191086718566,0.057210548335533185,0.15189136253165247,1.9043757854634118,0.09267957046302831,635,0.15022681633941493,0.05887509452777073,0.6526672716682977,0.13755242912124135,635,0.15024729803993409,0.05885461282725157,0.6483744986685578,0.13814011156214973,635,0.07385445289931658,0.01671475113967169,0.05713970175964489,1.058939445306316,0.09692164044013149,509,0.1574845953298054,-0.08363014243048883,-0.20228635129809944,0.17200236511279857,509,0.15617749953967963,-0.08232304664036305,-0.19836596597424722,0.1727896672561294,509,0.08039252901551053,-0.009513429827154973,0.0899059588426655,,,0,0.1375379312205689,-0.05714540220505837,,,0,0.13745380769509463,-0.057061278679584104,,,0
2026-10-07,2026-10-10T22:41:07.402161+00:00,WELL,Welltower Inc.,不動産,ヘルスケア不動産・高齢者住宅,XLRE,159332883072.32,221.1199951171875,2026-10-07,-0.020639576965648776,-0.012895347906900612,-0.007744229058748164,-0.7879157452001461,0.011208484540206773,252,-0.0021946936299741537,-0.018444883335674622,-1.1491457465271973,0.016515283095669967,252,-0.0031750063500126657,-0.01746457061563611,-1.0869865922688124,0.016558296166036164,252,-0.03961088498257237,-0.008310930184699084,-0.031299954797873286,-1.3348046898949928,0.027609411263455383,252,0.019633953387396375,-0.059244838369968744,-1.5896804316927078,0.03907230280718569,252,0.017302831961635734,-0.056913716944208104,-1.519486655522565,0.03934517028169386,252,-0.06265366325436406,-0.05755606448527939,-0.005097598769084666,-0.4818056860176372,0.06085817879109463,252,0.02166086449714877,-0.08431452775151282,-1.3287595946909738,0.07513823299299925,252,0.026852003270645852,-0.08950566652500991,-1.386600626402118,0.07572571946293709,252,-0.059513790204881456,-0.0802272833215586,0.02071349311667714,-0.9346724550862349,0.0632284190097231,504,0.03422510782385091,-0.09373889802873236,-1.5973956020589846,0.09141914506506746,504,0.0339535649596574,-0.09346735516453886,-1.5955947950238187,0.09145767903503584,504,-0.04379312312994943,-0.07502847489373665,0.031235351763787222,-0.8393934576608841,0.06265343708845612,504,0.03421821271087011,-0.07801133584081954,-1.4612306384574525,0.09154089278606475,504,0.03429418547191565,-0.07808730860186508,-1.4622772259876722,0.09165721521103752,504,0.08799452223259574,-0.027568576272292922,0.11556309850488866,-0.5948785999759225,0.08177690141458545,635,0.15022681633941493,-0.062232294106819186,-1.637085044726149,0.1108423277199872,635,0.15024729803993409,-0.062252775807338345,-1.6315720811034602,0.11134522475767097,635,0.2884771906962815,0.008196062386313319,0.2802811283099682,-1.3354587666448199,0.0874423509835463,509,0.1574845953298054,0.13099259536647612,-1.360945758899314,0.1245000947270224,509,0.15617749953967963,0.1322996911566019,-1.3497831061681038,0.12514583530621384,509,0.19558520256104184,0.02890979029368168,0.16667541226736016,,,0,0.1375379312205689,0.05804727134047294,,,0,0.13745380769509463,0.058131394865947206,,,0
2026-10-07,2026-10-10T22:41:07.402161+00:00,WMT,Walmart Inc.,生活必需品,ディフェンシブ・小売・食品,XLP,858113993426.5599,108.16000366210938,2026-10-07,0.008955286764893211,-0.0012225684570249529,0.010177855221918164,0.7962000016236246,0.012745367229951165,252,-0.0021946936299741537,0.011149980394867365,0.612431335472404,0.01864850247812661,252,-0.0031750063500126657,0.012130293114905877,0.6619707728400569,0.018733075816656956,252,0.04080066943680061,0.013647624006770664,0.027153045430029943,0.9377694621873112,0.029059561196308516,252,0.019633953387396375,0.021166716049404233,0.5625652678026818,0.04060273850999707,252,0.017302831961635734,0.023497837475164873,0.6156041789676626,0.040886181924666955,252,0.022016458383646853,-0.009785465794422743,0.031801924178069596,0.6597690983568822,0.048918897188648884,252,0.02166086449714877,0.00035559388649808454,0.10804319599956372,0.06423530208617108,252,0.026852003270645852,-0.004835544886998999,0.027704038200965637,0.0642327048494813,252,-0.046447258421556614,-0.014177380430164588,-0.032269877991392026,-0.7343742178468873,0.10168445540276652,504,0.03422510782385091,-0.08067236624540752,-0.834133195134059,0.1138825812923674,504,0.0339535649596574,-0.08040082338121401,-0.8303660808493704,0.1142750167116484,504,-0.03378539785719681,-0.011570677255121842,-0.022214720602074967,-0.6464201407764539,0.10409270855383777,504,0.03421821271087011,-0.06800361056806692,-0.71104942158345,0.11803524163770457,504,0.03429418547191565,-0.06807958332911246,-0.7107470258029492,0.1184595762291653,504,-0.1464258770559268,0.0003374133696778525,-0.14676329042560465,-1.9803521386340281,0.13900834193181683,635,0.15022681633941493,-0.2966526933953417,-2.286467275758797,0.16346438171724248,635,0.15024729803993409,-0.2966731750958609,-2.2780909734713557,0.16415736111914395,635,0.0620317897527729,0.08368337601850384,-0.021651586265730938,-1.8916547236785552,0.18189649682031872,509,0.1574845953298054,-0.0954528055770325,-1.5010004694049601,0.20474329906724315,509,0.15617749953967963,-0.09414570978690673,-1.494875787504294,0.20523554463476792,509,-0.03468627188761986,0.07187583892147198,-0.10656211080909184,,,0,0.1375379312205689,-0.17222420310818876,,,0,0.13745380769509463,-0.1721400795827145,,,0
2026-10-07,2026-10-10T22:41:07.402161+00:00,XOM,Exxon Mobil Corporation,エネルギー,石油・天然ガス・統合エネルギー,XLE,674559157038.0,164.0500030517578,2026-10-07,-0.002614255149261613,-0.006117637484681415,0.0035033823354198024,0.4774696957610331,0.007149759184291878,252,-0.0021946936299741537,-0.0004195615192874591,-0.07475607112462213,0.02019746879349259,252,-0.0031750063500126657,0.0005607512007510529,-0.026255399323317944,0.0201886860813669,252,0.007987729964717749,0.03024391236344015,-0.0222561823987224,-1.4939464116863728,0.015435054622211097,252,0.019633953387396375,-0.011646223422678625,-0.38553033245448237,0.04487818446682352,252,0.017302831961635734,-0.009315101996917985,-0.3328122837929147,0.04499199132717984,252,-0.0010959793001509288,-0.02409101111316103,0.022995031813010103,0.7549567118383894,0.0279746497728583,252,0.02166086449714877,-0.022756843797299697,-0.4958891588084254,0.09047759907332939,252,0.026852003270645852,-0.02794798257079678,-0.550990841259204,0.0907955972655282,252,0.1379989127217902,0.11916795264110247,0.018830960080687742,0.39379266288933357,0.04481625566900264,504,0.03422510782385091,0.1037738048979393,0.6471951368674844,0.14171253029910072,504,0.0339535649596574,0.10404534776213281,0.6479537898865445,0.14170579061897332,504,0.2011657960754012,0.1626525577567517,0.0385132383186495,0.8140621034808417,0.04574809250731076,504,0.03421821271087011,0.16694758336453108,1.0748988704326206,0.1441251241418621,504,0.03429418547191565,0.16687161060348554,1.0735896782770085,0.1440532030816902,504,0.06409513846068582,0.10587889854503141,-0.04178376008434559,-1.1023295515708746,0.05094117529144465,635,0.15022681633941493,-0.08613167787872911,-0.5893950167156567,0.15301589827017367,635,0.15024729803993409,-0.08615215957924827,-0.5909660343942684,0.15296353039501687,635,0.47814903275053444,0.458679649613595,0.019469383136939467,-0.28516250863039144,0.050883148355422486,509,0.1574845953298054,0.32066443742072903,1.685831376324761,0.19341340566114304,509,0.15617749953967963,0.3219715332108548,1.6915001343584124,0.19307153622363563,509,0.3643777883390875,0.41545894831373653,-0.051081159974649015,,,0,0.1375379312205689,0.22683985711851862,,,0,0.13745380769509463,0.22692398064399288,,,0
